customer_id,customer_name,email,phone_number,join_date,loyalty_status
1,Jennifer Smith,xgibbs@hall-murillo.com,102-138-5008x06489,2021-03-31,Silver
2,Jose Jones,john07@house-barrett.com,2203710415,2020-12-12,Gold
3,Timothy Patel,andrew01@gmail.com,487-056-4687x648,2021-09-30,Platinum
4,Katherine Barnes,tharrison@thomas-burke.com,000.491.0175,2022-02-10,Silver
5,Sonia Keller,hollanddiana@allen.info,080-799-2380,2020-11-13,Gold
6,Justin Boyer,julielawson@hampton.net,(518)620-5838,2020-09-05,Free
7,Erin Johnson,paul19@gmail.com,451-077-2207,2021-11-18,None
8,Jennifer Morgan,peckjacqueline@reid.com,075-119-2093,2020-10-12,Silver
9,Jennifer Shah,scott25@gmail.com,122-739-4735x84473,2021-07-24,Gold
10,Heather Wagner,charles29@yahoo.com,201-389-0468x1502,2022-01-16,Bronze
11,Luis Smith,tinagarrett@gmail.com,001-665-128-3018x35417,2020-11-29,Bronze
12,Jamie Elliott,gwilson@gmail.com,395-181-3305,2020-07-15,Platinum
13,Mary Cohen,fergusonstephanie@cruz.com,001-610-916-5819x199,2021-04-15,Silver
14,Kim Oconnell,bwilliamson@frye.com,+1-525-927-9366x75198,2020-07-16,Platinum
15,Angela Sanchez,chapmanmatthew@hotmail.com,(482)651-2292x216,2022-04-28,Gold
16,Kara Rocha,eboyer@gmail.com,899.488.4974x81942,2020-09-22,Free
17,Leslie King,angela32@yahoo.com,993.923.9023x698,2022-02-24,Gold
18,Brandon Pittman,bwilliams@gmail.com,001-790-038-7166,2021-10-12,Free
19,Cole Martinez,bakerherbert@gmail.com,+1-129-760-2220x711,2020-06-01,Bronze
20,Frank Allen,pbird@norton.com,001-920-835-1996x687,2020-12-25,Silver
21,Autumn Morrison,michael50@heath.org,(371)300-1018x224,2022-04-29,Free
22,Derek Herman,victoradams@yahoo.com,3590969421,2021-07-09,Platinum
23,Patrick Taylor,anthonymartinez@smith.com,+1-616-071-6837x228,2021-05-22,Silver
24,Tony White,beverlyblankenship@herrera-meadows.com,7961253100,2022-05-06,Bronze
25,Sheila Woodward,jlawson@flores.com,(302)727-1250,2021-06-02,Gold
26,Joseph Griffith,burkestephanie@frank-mayer.com,(781)805-6020x68997,2020-06-02,None
27,Erica Mathews,rosalescynthia@brown.biz,+1-357-429-1385x19391,2021-01-25,Silver
28,Beth Wilson,iwilliams@lyons.com,545-791-0952x3934,2020-11-07,None
29,Brandi Morales,zachary93@gmail.com,001-290-677-7007x610,2021-11-21,Platinum
30,Andrew Allen,jacobroberts@yahoo.com,131-185-9361x6958,2022-01-01,Bronze
31,Rachel Anderson,bushsean@hotmail.com,5766389282,2021-03-10,None
32,Richard Carroll,berryjeanette@hotmail.com,487-881-1435x444,2020-09-09,Platinum
33,Shane Lopez,ismith@clark.org,001-815-562-3646x1229,2021-09-08,Gold
34,Caroline Mack,jamesmurphy@lee.com,925-622-9213x2140,2022-01-30,Bronze
35,Martin Contreras,steven91@wong-dominguez.com,251.404.6652,2021-07-29,Silver
36,Maxwell Mitchell,kjackson@smith-boyd.com,2419407000,2021-05-31,Bronze
37,Teresa Farmer,carol31@garcia.info,413.507.6267,2021-01-31,Gold
38,Rachel Brown,stacy81@valdez.info,(450)884-8773,2021-09-30,Free
39,Monica Gallagher,james32@yahoo.com,(087)668-6087x8359,2020-09-29,Free
40,Melissa Smith,asims@gmail.com,+1-407-245-3225x949,2021-04-01,Free
41,Paul Jones,holly33@martinez.com,479-580-3913x330,2022-04-27,None
42,Casey Reid,brittany49@powell.com,+1-587-039-0404x770,2021-07-11,Platinum
43,Jordan Mccall,webbmonica@aguilar-huffman.biz,+1-504-525-8413x3093,2021-04-16,Platinum
44,Tina Cole,smithnicole@bowman.com,712.835.2070,2020-12-21,Platinum
45,Nicole Wilson,mendezkristina@williams.com,975-562-5958,2021-05-24,Bronze
46,Linda Hunter,jeremyaguilar@kemp-butler.com,(393)314-3343x248,2021-03-31,None
47,Stephen Wheeler,christinewarner@robinson.com,454-301-3047,2020-07-21,Bronze
48,Leah Hawkins,edwardsmeghan@yahoo.com,370-467-5189,2021-11-14,None
49,John Miller,proy@yahoo.com,9524502255,2020-06-27,Platinum
50,Miss Emma Guzman,davidwilliams@hotmail.com,(755)839-2055x3823,2021-07-01,Bronze
51,Sarah Ellis,gregory95@gonzalez.com,282.972.9215,2021-10-22,Bronze
52,Andrew Huerta,shane46@martin.com,001-945-566-6760x7402,2021-01-02,Silver
53,Jessica Robbins,amy50@perry-colon.com,(690)793-8417,2022-05-05,Silver
54,Hannah Osborne,ggriffin@acosta.com,8318995136,2020-11-11,Platinum
55,Thomas Munoz,jbrooks@hotmail.com,+1-687-154-5309x05065,2021-01-02,Gold
56,Jacob Bates,drivera@lucero.com,001-062-058-6026x65474,2021-03-31,Silver
57,Nicole Meza,gmontgomery@ferguson.biz,+1-460-397-6504x85573,2021-09-20,Free
58,Amanda Hodge,lindascott@gmail.com,(612)503-4175x040,2022-02-14,Silver
59,Shawn Kennedy,michaelgreer@gmail.com,(599)578-7566x6578,2021-09-12,Silver
60,Christina Smith,oking@garza.com,001-514-683-7949x832,2021-07-09,Gold
61,Michelle Williams,tmassey@yahoo.com,034.309.5749x5821,2021-10-06,Gold
62,Laura Baldwin,wturner@burton.biz,856.298.7639x2300,2021-01-23,Silver
63,Cynthia Schneider,debraadkins@johnson.net,317.131.1237x587,2021-10-31,Gold
64,Justin Calhoun,katelyn41@hotmail.com,110-587-6493,2021-06-01,Gold
65,Natasha Roy,csmith@hotmail.com,+1-359-093-6321x20069,2020-06-03,Silver
66,Kevin Graham,evanmerritt@gmail.com,+1-512-238-7562x093,2020-12-28,Silver
67,Hannah Day,ystanley@yahoo.com,+1-240-861-2047x045,2021-10-30,Gold
68,Robert Estes,angel77@todd.com,001-169-640-6817x800,2020-06-27,Silver
69,Bradley Williams,bairdmegan@taylor.com,163.189.6675x533,2022-04-11,None
70,Jamie Hawkins,kclayton@gmail.com,001-554-678-0040,2020-07-23,Gold
71,Laura Pratt,jlee@estrada.com,001-180-188-8545x48436,2022-02-06,Silver
72,Bailey Sandoval MD,millerrebecca@pacheco.com,806-643-5905x200,2021-09-26,None
73,Patrick Flores,vbooker@bailey.com,8715730865,2020-12-15,Gold
74,Mariah Townsend,angelalewis@lewis.com,001-845-964-6749x7377,2020-08-19,None
75,Joshua Brown,dennisschmidt@hotmail.com,964.716.7061x6237,2020-11-12,Bronze
76,Jacqueline Campbell,jjones@gmail.com,001-399-359-3434x3839,2021-06-20,Gold
77,Adam Rodriguez,castromichael@mclaughlin.biz,277.031.8817,2022-01-16,None
78,Oscar Roy,karl80@bruce.info,(407)512-1052,2020-12-21,None
79,Jerry Velez,ygonzalez@gmail.com,+1-871-316-4471x273,2020-11-24,Bronze
80,Brian Hartman,vthomas@friedman.com,001-714-925-1391x29572,2021-10-07,None
81,Linda Williamson,ubell@yahoo.com,+1-761-186-3478x666,2021-10-08,Free
82,Matthew Taylor,brian24@hotmail.com,252-771-5335x94080,2021-12-02,Platinum
83,Sean Porter,stacy91@green-miller.com,(720)861-7395,2021-12-15,Platinum
84,Jason Montgomery,rogerwright@salazar.biz,(681)567-5865x7675,2020-07-20,None
85,Clifford Hammond,ohart@hotmail.com,001-068-798-6899x257,2020-11-17,None
86,Joseph Kim,lshaw@hughes.com,001-962-236-4303x449,2020-10-02,Free
87,Mike Clark,craigalexander@hotmail.com,+1-774-158-7085x50724,2022-04-19,None
88,Judy Kidd,lmoreno@hotmail.com,351.139.5810,2020-11-08,None
89,Juan Smith,brittanyhiggins@yahoo.com,961-593-0541x5510,2021-10-07,None
90,Joseph Gaines,wheelerbrandon@gmail.com,001-798-148-6465x3546,2021-07-24,Platinum
91,April Green,annamata@phelps-rocha.org,964.754.1573x0102,2021-06-17,Gold
92,Troy Wolfe,ksullivan@yahoo.com,611-661-1274x9178,2020-07-17,Silver
93,Tiffany Mendoza,tashaterry@yahoo.com,9613098773,2021-01-16,Bronze
94,Eric Wilcox,allenmary@hotmail.com,+1-856-918-0333,2020-12-28,Silver
95,Mary Mcgee,alison02@allen-tucker.com,793-218-8012x140,2021-11-06,Gold
96,Walter Williams,julie09@davis.org,939.673.7924x7247,2020-11-25,Silver
97,Sharon Mclaughlin,emorales@moore.org,170-389-3897x6126,2021-10-31,Bronze
98,David Jimenez,michaelcampbell@yahoo.com,001-358-834-2100,2021-04-08,Platinum
99,Kellie King,acostadavid@gmail.com,5037392577,2020-07-07,Silver
100,Thomas Christensen,ymiller@hotmail.com,+1-604-274-6977x8879,2021-02-04,None
101,Tammie Cook,traceyelliott@gmail.com,968.079.8471,2020-06-21,None
102,Sarah Hoover,murphysteven@yahoo.com,001-493-624-3129,2021-09-18,Gold
103,Brandon Johnson,shannonbrock@hotmail.com,(012)207-8152x71718,2022-04-30,Bronze
104,John Hicks,pereztammy@hanna.com,269.593.4916,2020-12-04,Free
105,Molly Elliott,cgarcia@gmail.com,001-687-343-7718,2021-03-12,Free
106,Jeff Wright,valentinejustin@kelley-davis.com,917-607-8103x9792,2022-02-24,Platinum
107,Chelsea Vega,horncatherine@rodriguez-lindsey.net,(883)500-4133x17443,2022-03-30,None
108,Spencer Miller,chavezbrian@ellison.com,+1-366-004-2079x5303,2022-01-28,Silver
109,Katie Johnson,annapatel@moreno.com,+1-281-565-2358x9891,2021-04-12,None
110,Paul Ellis,sherri93@johnson-navarro.com,687-947-0438x9001,2022-04-06,Silver
111,Christian Jacobs MD,robertparker@simon.com,7802200282,2021-05-01,Platinum
112,Jessica Harrington,kathleen62@powers.org,855-762-0659,2021-06-19,None
113,Sean Lutz,sgonzalez@yahoo.com,050.994.5216,2021-10-13,Free
114,James Stone,soniastout@yahoo.com,+1-576-033-3325,2021-11-24,Platinum
115,Michelle Clark,jonathan21@williams-madden.com,001-142-868-8246,2021-05-12,Platinum
116,Jennifer Taylor,aaron51@johnson.info,358.520.1156,2022-03-21,Silver
117,Pamela Fields,dale25@yahoo.com,001-392-110-7596x00002,2021-12-03,Gold
118,Troy Meza,jessicacamacho@carter-sullivan.com,(831)239-7731,2021-03-16,Free
119,Holly Swanson,miguel70@martin-gutierrez.com,1890391030,2021-12-13,Bronze
120,Angela Delgado,veronica93@lara-ramsey.com,(319)913-0409x623,2022-01-01,Platinum
121,Megan Randall,lisarojas@morales.com,905.266.9331x2026,2020-11-11,Gold
122,Leslie Hicks,upotts@patterson-compton.com,001-449-153-4370,2020-07-07,Gold
123,Rodney Ferguson,schang@davis-fisher.com,(342)026-8455x525,2021-06-21,Silver
124,Rebecca Barron,jhancock@gmail.com,635.943.1766x0461,2021-12-30,Free
125,Jorge Blair,bennettlawrence@hotmail.com,001-489-122-3872x4174,2021-07-19,Gold
126,Heidi Bailey,asmith@yahoo.com,818.494.2620x997,2020-06-01,None
127,Nathan Wilson,xhansen@lewis.com,397.711.6828,2020-07-23,Free
128,Jessica Fields,eharper@benson.com,(577)035-3281x362,2022-05-12,Gold
129,Kelly Jarvis,edwardschristopher@munoz-robertson.biz,455.378.7762,2021-03-02,Gold
130,Natalie Anderson,barneskurt@thomas-werner.com,+1-756-286-0528x499,2021-09-21,Bronze
131,Richard Bird,wvazquez@yahoo.com,(814)675-3941x24596,2020-08-19,Gold
132,Melinda Lloyd,staceywells@short.com,911.543.0812x1188,2020-10-22,Free
133,Christina Irwin,hahnomar@walker-long.org,574-678-0708x6336,2020-06-27,None
134,Todd Davis,tammywilkins@glenn-perez.net,3340033587,2021-12-14,Gold
135,Ralph Murphy,ntorres@yahoo.com,001-180-133-9497x835,2021-03-07,Free
136,Lori Thomas,psherman@gmail.com,693-852-8288x8521,2020-09-15,Silver
137,Carl Smith,jessicacooper@gmail.com,+1-700-302-4457,2021-11-07,Platinum
138,Teresa Cooper,tcook@yahoo.com,001-986-870-9862x33861,2022-05-20,Platinum
139,Carol Velazquez,lcastro@dickson-palmer.com,001-258-556-2917x6123,2021-12-30,Bronze
140,Peter Powell,timothywise@brown.biz,8762722382,2021-03-04,None
141,Andrea Blanchard,longeric@marks.org,388.015.1494x7396,2021-06-23,None
142,Robert Kirby,christopher68@cox.com,+1-912-610-4442x1369,2022-02-28,Silver
143,Victor Weaver,sparkselizabeth@hotmail.com,+1-011-736-1603x427,2020-09-28,Silver
144,Charles Lloyd,cwall@gmail.com,749.153.7585,2020-10-25,Gold
145,Vickie Smith,johnsonrandy@randall.com,210.259.2317x377,2022-04-20,Platinum
146,Jill Simon,bryantthomas@gmail.com,1756494388,2021-04-05,Bronze
147,Amy Ray,fgeorge@burch-hawkins.org,682-163-5137x5844,2022-05-14,Bronze
148,Nicole Noble,eddie94@jackson.com,459.820.2199x59509,2020-09-11,Gold
149,Trevor Douglas,jason71@howard.com,278.582.0724x9249,2022-04-02,Bronze
150,Isaiah Tate,david95@johnson.com,001-966-746-3876x828,2021-04-13,Bronze
151,Donna Santos,diazbrittany@downs-shepard.biz,001-763-798-2017x8568,2022-03-11,None
152,Pamela Pearson,oliviarios@yahoo.com,+1-193-234-8273x3213,2021-04-20,Platinum
153,Mark Perry,emcpherson@hotmail.com,6252412002,2022-05-28,Free
154,Elizabeth Wang,fmonroe@wilson-miller.com,544-241-2414x911,2020-08-07,Platinum
155,Nicole Sanchez,pwright@gmail.com,001-774-845-3774x33260,2021-05-22,None
156,Sabrina Smith,kevin28@freeman-lawson.biz,354-392-8506x65688,2020-09-04,Bronze
157,Lisa Harmon,ashleybradshaw@smith-torres.com,+1-329-665-5963x7555,2021-04-11,Platinum
158,Jonathon Hill,marvinnoble@brown.info,+1-910-144-4543,2020-10-27,Free
159,Casey Martin,danielfox@hotmail.com,251.551.1749x9513,2021-02-04,Platinum
160,Jennifer Henderson,elizabethfuentes@padilla-cummings.org,3445578117,2022-01-05,Bronze
161,Ryan Blair,krista85@stewart.com,001-728-499-8464x882,2020-05-31,Platinum
162,Matthew Jones,matthewhorn@yahoo.com,(606)842-1633,2020-11-07,Bronze
163,Rodney Johnson,stonechelsea@white-howell.com,+1-260-181-2340,2022-01-20,None
164,Benjamin Watson,ehernandez@schmitt.net,563-334-5765x7409,2021-10-18,None
165,Benjamin Williams,phill@cantu-watson.biz,(082)029-1098x2788,2022-01-11,Platinum
166,Benjamin Rivera,tracygarcia@bridges-williams.biz,+1-837-312-0703x1977,2021-01-12,None
167,Karen Arroyo,whiteheadwalter@yahoo.com,(557)719-8088,2020-11-12,Bronze
168,Christopher Bell,jknight@gmail.com,(141)238-9006x9548,2021-12-09,Bronze
169,Mr. David Watson DDS,kimberly37@hotmail.com,548.993.8428,2021-08-23,Bronze
170,Matthew Collins,lsanders@gmail.com,887-114-6911,2022-04-07,Platinum
171,Julia Johnson,nedwards@yahoo.com,3911667848,2021-06-01,None
172,Amanda Shaw,ariel72@gmail.com,015.591.8557x3568,2021-04-13,Bronze
173,Mark Smith,kbennett@santiago-mcdonald.com,001-761-638-7821x18356,2021-11-25,Gold
174,James Smith V,brianmurphy@jones-russell.biz,001-537-989-7176,2021-03-05,Gold
175,Patrick Patton,rachel63@hotmail.com,447.622.4792x528,2020-09-19,Silver
176,Derrick Ellis,smathews@martin.com,348-065-4475,2020-09-30,Bronze
177,Anna Webster,guzmandrew@hotmail.com,+1-096-572-2729x900,2022-01-24,Silver
178,Katrina Wallace,susan62@parker.com,9363291022,2021-02-17,Free
179,Robert Caldwell,christina50@shah-spencer.com,171-022-4458,2021-05-19,Gold
180,Troy Graves,jasmine79@olson.com,688.485.6260,2020-07-10,Silver
181,Amy Miller,qmorton@walker-cross.info,(379)240-6073,2021-12-17,None
182,Diana King,hlutz@yahoo.com,815-088-6871x31526,2020-07-31,Gold
183,Matthew Sandoval,cbutler@gmail.com,858.612.4230x10352,2021-08-11,Silver
184,Paul Ball,kellyanderson@ellison.info,(720)216-7381,2021-02-24,None
185,James Benson,davisshane@hotmail.com,(595)078-5601,2020-08-31,Bronze
186,Scott Chavez,andrew73@yahoo.com,537-864-0407,2021-12-25,Bronze
187,Nicholas Jackson,johnstonjustin@morales.com,279-276-0065x9873,2021-04-09,Silver
188,Jeff Boyd,harrisonoscar@yahoo.com,001-184-958-4900x37456,2021-10-09,Free
189,John Wu,oliveraaron@nelson-smith.com,453.116.5698x53450,2020-08-07,Gold
190,Mrs. Rachel Luna,sshaw@duran.com,(035)489-9982x7019,2022-04-06,Platinum
191,Carolyn Ruiz,dbranch@gmail.com,622.986.6656x903,2022-05-09,None
192,Gwendolyn Miller,arthur62@hotmail.com,231-226-7685x8402,2021-06-06,None
193,Lori Branch,sonyagonzalez@yahoo.com,(066)070-2594,2022-02-19,Bronze
194,Caitlin Hill,tonya98@hotmail.com,(049)972-9363x61731,2021-03-01,Bronze
195,Mr. Jacob Davidson,wwilliams@hotmail.com,443-436-8822,2020-06-12,None
196,Kelly Hall,janetschneider@lopez.com,983.885.5913x6186,2021-02-27,Bronze
197,David Kirk,sandra94@nolan.com,001-095-174-6765,2022-02-22,Silver
198,Susan Perez,ashleylucas@webb.com,001-584-856-9027x0562,2021-12-23,None
199,Lori Schneider,smithangela@fuentes.com,3432998242,2020-11-26,Gold
200,Carlos Vang,cynthia66@gardner.org,(573)349-5930,2020-09-03,Platinum
201,Brandon Martin,grantlisa@taylor.com,149.442.9461x1158,2021-11-28,Silver
202,Jennifer Green,mriddle@price.com,003.416.2429,2021-09-02,Platinum
203,Nicole Smith,ywright@yahoo.com,768-408-4335,2021-08-01,Silver
204,Brian Robertson,roycalvin@acosta.net,(068)993-8476,2020-12-29,Platinum
205,Mario Johnson,stephenpatterson@gmail.com,929-008-2634x33859,2020-12-26,Platinum
206,Alyssa Anderson,icampbell@harris.biz,(350)070-4383x63325,2020-08-20,Bronze
207,Gregory Price,kara64@jenkins.com,+1-876-492-2290x166,2021-09-22,Gold
208,Scott Jones,melanie76@hotmail.com,(960)937-8870x203,2021-01-20,Free
209,Susan Poole,zmiller@yahoo.com,(409)109-5865x08051,2021-05-10,Gold
210,Daniel Bowman,malikmartinez@hines-jackson.com,+1-367-855-4400,2020-10-07,Free
211,Jerry Benson,davistaylor@matthews.biz,984.307.0968x669,2020-12-31,Silver
212,Jennifer Ware MD,randyperez@lopez.com,+1-456-253-5730,2021-04-17,Bronze
213,Sally West,ephelps@yahoo.com,(833)143-6392x217,2021-08-10,None
214,Kristin Taylor,wangtracy@gmail.com,001-519-705-2372x972,2021-03-10,Silver
215,Ryan Bennett,orrsandra@hotmail.com,204-568-5034,2021-04-26,None
216,Jennifer Wilson,bakercindy@martin-martin.info,001-053-218-7792x16523,2020-12-15,Silver
217,Mr. Dylan Benson,thompsonlisa@nguyen-scott.com,270.942.1146,2021-06-26,Silver
218,Teresa Anderson,timothywatson@gmail.com,873-284-8578x53726,2020-07-26,Platinum
219,Leah Serrano,jacobschwartz@yahoo.com,(082)169-0280,2020-07-02,Silver
220,Natalie Barnes,ehodges@hotmail.com,169.523.6397,2021-05-31,Platinum
221,Susan Diaz,melissariley@stephens.org,(994)885-2391x211,2020-06-02,Platinum
222,Nicole Jones,jonesalicia@yahoo.com,897-812-4657x37256,2020-06-16,None
223,Thomas Hughes,duanebarry@yahoo.com,(110)322-0220,2020-07-28,None
224,Robert Adams,donaldjimenez@craig-lloyd.org,+1-425-446-1690x26856,2020-09-02,Gold
225,Rachel Smith,aharmon@ward.com,(559)396-5446,2021-07-04,Gold
226,Lisa Smith,samanthapage@miller-carter.org,+1-560-152-2041x98929,2021-07-04,Gold
227,Henry Sweeney,danielmendez@gmail.com,978-198-8537x3973,2022-04-26,Free
228,Monique Williamson,michael27@yahoo.com,001-721-148-3503x89668,2021-03-10,Free
229,Bobby Kennedy,margaretpeterson@jones.com,001-458-216-3615x209,2020-12-31,Silver
230,Jose Miller,hartmatthew@guzman.net,(767)636-5119x14276,2021-12-25,Free
231,Laura Santiago,laurenwhite@gmail.com,+1-195-554-6287,2022-03-23,Silver
232,Jordan Mcintyre,allison61@hotmail.com,001-638-911-8756x1453,2020-10-11,Gold
233,Christopher Dyer,jack90@parsons.biz,872.347.7955x85889,2021-05-18,Silver
234,Angela Alexander,james01@gmail.com,386.888.2346,2021-06-26,Silver
235,Sarah Le,fieldsaustin@hotmail.com,(194)523-9386x99532,2022-04-19,Silver
236,Amy Hancock,taylornathan@hotmail.com,+1-495-312-4446x6055,2022-04-27,Platinum
237,Bryan Kelley,davisjeffrey@medina.com,(632)634-3016x05299,2021-06-28,Bronze
238,Gina Jackson,jenniferyoung@morales.com,(811)803-3889x98711,2020-07-30,Bronze
239,Michelle Harris,dylanramos@yahoo.com,540-173-5466,2021-01-27,Platinum
240,Calvin Phillips,dhouse@knight-hopkins.com,024.076.8381,2020-06-17,Platinum
241,Melanie Coleman,chadjordan@jones-bond.com,606.131.6859x16652,2020-10-01,Gold
242,Joseph Shelton,michael07@gmail.com,0390794621,2021-08-07,Platinum
243,Dillon Melton,thorntonveronica@rogers.com,(858)830-1742,2021-07-14,None
244,Katie Wilson,craig52@marshall.info,228-536-4395x8327,2021-07-10,None
245,Jennifer Bowman,thompsonchristopher@yahoo.com,961-804-5080,2021-09-15,Silver
246,Erica Howell,christopher28@cruz.net,001-115-990-1225,2021-10-15,Bronze
247,Alexandria Butler,kent49@gmail.com,001-523-520-7272,2022-01-29,None
248,Cassandra Byrd,heathergriffin@nichols-huerta.info,625-495-7813,2021-06-07,Gold
249,Marcus Brown,kevin10@cooper.com,508.595.6731x86920,2020-09-10,Free
250,Alexander Rice,jessica61@martinez.com,0147039695,2021-10-02,Free
251,Sarah Melton,arthurnewton@baker-bradshaw.info,(806)036-2572x12449,2022-02-09,Bronze
252,Edward Mullins,charlesmorris@combs.com,001-761-082-4476x373,2020-12-24,Bronze
253,Lauren Davis,nicole68@yahoo.com,(796)390-8795x2431,2020-09-14,Silver
254,Christian Wilson,joel66@hernandez-moon.com,001-931-787-3099x9219,2020-10-17,None
255,William Diaz,parkheidi@hotmail.com,+1-415-147-8533,2021-06-02,Gold
256,Tara May,amberbautista@carter.biz,092-044-3015x983,2020-07-13,Silver
257,Kevin Blevins,brooksjennifer@gmail.com,587-958-3137x773,2021-04-18,Bronze
258,Jennifer Armstrong,lesliebowman@hotmail.com,001-681-579-7504x6106,2022-03-05,None
259,Jody Navarro,johnsonchristopher@harris.org,512.520.7766x070,2020-06-06,Platinum
260,April Wallace,nnguyen@harris.com,+1-352-643-7318x04273,2020-10-16,Free
261,Philip Thompson,gonzalezpatricia@wolfe.biz,+1-695-836-4061x09643,2021-09-17,Bronze
262,Matthew Elliott,jameshowell@yahoo.com,183-523-9506,2022-01-23,Bronze
263,Tyler Benton,lopeztimothy@hotmail.com,001-328-682-7258x62397,2020-10-30,Gold
264,Christina Lewis,whitecody@hotmail.com,4891854568,2021-02-23,Free
265,Alicia Hill,austin13@yahoo.com,+1-036-171-8606,2020-10-21,Silver
266,Dalton Trujillo,barrmichelle@hudson-lam.net,603.448.4668x05120,2020-07-08,Platinum
267,Melissa Cochran,john41@hotmail.com,(216)101-5778x186,2021-08-10,Silver
268,Juan Johnson,robert91@carrillo.info,+1-331-154-5440,2021-08-13,Free
269,Ryan Carter,allisonstevenson@gmail.com,001-675-444-6763x760,2020-12-21,Gold
270,Mary Lee,frazieramy@hotmail.com,268.621.8245x106,2021-08-21,None
271,Robert Harris,james81@harmon-monroe.biz,001-892-422-2348,2020-11-24,None
272,Deanna Murphy,michaelbriggs@yahoo.com,001-380-027-7692x0988,2021-12-06,Free
273,Thomas Gutierrez,james95@gmail.com,5270862825,2020-06-02,Gold
274,David Howard,sharonrodriguez@greene.com,894-786-6166,2022-04-15,None
275,Samuel Clark,randerson@gmail.com,+1-343-261-5032x5883,2022-04-21,Bronze
276,Michael Lowe,zcook@yahoo.com,5035808728,2021-12-14,Bronze
277,Eric Sanchez,nguyenscott@gmail.com,+1-414-268-4813,2021-03-27,Silver
278,Caleb Zimmerman,mnunez@williams-lowe.com,+1-529-455-3635x012,2021-11-14,Free
279,Mary Kelley,ynelson@hotmail.com,853.651.1390x420,2022-01-20,Gold
280,Andrew Landry,wbowen@riley.com,810.885.7616x2844,2020-12-15,Silver
281,Jason Phillips,katie88@yahoo.com,001-751-380-8144x7068,2020-06-06,Silver
282,Evelyn Moore,murraymichael@thornton.info,001-936-379-4898,2020-11-21,None
283,Elizabeth Velazquez,lsmith@luna.biz,563.026.0673x33279,2020-06-13,Platinum
284,Jessica Simpson,manningchristina@gmail.com,986-912-7748,2021-07-10,None
285,Taylor Griffin,jenniferdrake@hotmail.com,455-587-0711x61657,2022-03-07,Gold
286,James Hernandez,brandon05@gmail.com,078.294.6605x266,2021-11-06,Platinum
287,Kathleen Brown,jessicabishop@hotmail.com,+1-726-915-0114x75985,2022-02-14,Platinum
288,Richard Perez,zgoodwin@tran.com,312.531.3466,2021-04-18,Gold
289,Denise Lee,wnelson@hotmail.com,(002)145-3338x6664,2021-07-25,Silver
290,Michelle Lee,ericrussell@marshall-conway.com,197-594-1705x985,2020-08-19,Silver
291,Christine Martinez,grantjohn@freeman.biz,001-198-835-8440x14064,2022-01-05,Platinum
292,Lisa Nelson,jcohen@johnson.com,838-459-9277,2021-07-17,Free
293,Chad Barry,michellesmith@gmail.com,224-385-2845x92042,2020-06-06,Bronze
294,Marisa Mason,marisaroberts@yahoo.com,+1-951-154-2011,2020-09-29,Silver
295,Paige Mills,carolynsullivan@wilson.com,577-295-7778x36389,2021-06-18,Gold
296,Mario Rush,rachelcampbell@travis.com,+1-072-560-5030x688,2020-09-25,Silver
297,Mrs. Christina Brown DDS,norrishannah@jensen.com,(838)153-9682,2020-12-17,Gold
298,Mary Snyder,westleah@gmail.com,2217508675,2020-10-24,Silver
299,Kimberly Tate,jsmith@gmail.com,001-928-253-3595,2021-12-09,Free
300,Maria Booker,bryan77@hotmail.com,(622)642-7348x17959,2022-02-17,Free
301,Jeffrey Christian,brownrita@todd.com,001-024-662-1361x0534,2021-04-01,Free
302,Alexandria Brown,brittany50@arnold-patterson.biz,001-929-558-5995x3552,2020-09-21,Silver
303,Charles Hayden,angela68@oliver.com,(990)640-8581x321,2021-02-26,Platinum
304,Brian Roy,martinezsheila@smith.org,567.588.8159,2021-08-24,Silver
305,Jessica Jackson,christophergoodman@davis.org,(279)687-6988x949,2021-12-18,None
306,Sandra Sawyer,norrisjennifer@yahoo.com,+1-403-618-8110x08486,2020-07-23,Free
307,Krista Rodriguez,joanne78@hotmail.com,937.794.2665,2021-12-25,Bronze
308,Sharon Allen,mstewart@rodriguez.info,(641)448-7211x636,2020-12-28,None
309,Jose Zimmerman,cynthia35@stevenson-ferguson.com,001-002-237-6358x6332,2021-11-15,Platinum
310,Michael Gibson,fphillips@yahoo.com,(314)985-4647x81702,2021-10-24,Platinum
311,Mia Kemp,christinabenton@hotmail.com,(895)326-7242x104,2021-12-08,None
312,Mary Pacheco,moodycarolyn@yahoo.com,(624)611-2355x1401,2021-05-20,Gold
313,Steven Davila,michael92@gates.info,(790)596-0787x99760,2021-07-14,Gold
314,Laura Flowers,nwashington@gmail.com,890.474.6439,2021-10-19,Gold
315,Max Mitchell,ashley85@lutz.biz,683.306.7862,2021-11-26,Gold
316,Loretta Wagner,craig93@keller-delgado.com,+1-510-291-4381,2022-01-23,Platinum
317,Tyler Young II,tjohnson@yahoo.com,686.700.1012x458,2020-10-30,Gold
318,Chris Walker,tiffany01@hotmail.com,001-730-492-4296x247,2020-06-15,None
319,Catherine Melendez,tolson@yahoo.com,007.911.0810,2021-10-07,Gold
320,Laurie Figueroa,westamber@williams.info,001-516-447-2807,2021-05-09,None
321,Francisco Hughes,kevinpearson@pena.com,420.664.4216,2021-01-23,Platinum
322,Gregory Brown,jackburnett@gmail.com,103.637.1473x989,2022-02-15,Free
323,Elizabeth Golden,charles28@bean.com,(317)284-7470x16197,2020-06-10,Silver
324,Anthony Robinson,hughesscott@ballard.biz,1263558964,2021-10-29,None
325,Jason Underwood,donaldbrown@hotmail.com,(874)271-7959x0319,2020-12-26,Platinum
326,Juan Oconnell,smithluis@crawford.com,209.447.0812x72614,2022-01-17,Free
327,Shannon Perez,matthew13@madden-graham.com,700.542.8158x2615,2022-05-20,Gold
328,Tyler Rodriguez,pweber@hotmail.com,(343)630-4532,2020-08-07,Free
329,Tonya Todd,thomassmith@hotmail.com,585.025.3285x5153,2021-04-24,None
330,Jason Ingram,foleychristina@yahoo.com,752.642.4725x811,2021-09-18,Platinum
331,Danielle Wise,cynthiaharris@mcpherson.net,496.929.1693x18995,2021-08-13,Bronze
332,Todd Snyder,arobinson@moore-haley.info,279.676.7050x7324,2022-01-31,Platinum
333,Michael Kelly,poolemelanie@yahoo.com,089.090.6691,2020-11-22,Silver
334,Michele Kennedy,keaton@hotmail.com,877-188-3548x0322,2021-09-14,None
335,Latasha Mitchell,lawsonvalerie@martinez.net,813-292-1661,2021-06-07,Gold
336,Suzanne Fowler,imitchell@gmail.com,727.171.2320x43410,2021-05-13,Free
337,Mallory Ray,georgebrandi@garcia-ross.com,833-874-6796,2021-08-18,None
338,Monica Hayden,zcollier@cervantes.org,001-936-005-5368x268,2021-11-08,Gold
339,Savannah Long,fsnyder@mosley.com,3811082966,2022-01-22,Silver
340,Shannon Reed,clineelizabeth@yahoo.com,(472)473-9308x30563,2021-09-09,Bronze
341,Joseph Bass,morenoronald@yahoo.com,+1-808-918-1442x0132,2022-04-26,Platinum
342,Anthony Durham,elizabeth18@orr.com,642-617-2880x1738,2021-09-11,Free
343,Mr. Kenneth Lee,uluna@richmond.biz,+1-591-636-8489x2350,2021-10-14,Gold
344,Susan Moore,sandersjulie@jackson.com,+1-716-725-0513x30568,2020-10-19,Platinum
345,Robert Carlson,joyce56@hotmail.com,001-513-529-0535x310,2020-10-02,Gold
346,Aaron Garcia,andrew35@gmail.com,(143)753-2568,2021-06-30,Gold
347,John Hansen,wparsons@gmail.com,094-904-2898,2021-09-02,Free
348,Andrea Cardenas,ldaniel@yahoo.com,021-914-0091,2021-10-18,Bronze
349,Joanne Cruz,james87@yahoo.com,001-766-728-3031x2358,2020-06-04,Gold
350,Julian Brown,amoore@diaz.biz,008.597.8856x1384,2021-12-07,Free
351,Allen Dodson,xboyle@hotmail.com,(121)566-9180x020,2022-04-04,Gold
352,Jessica Phillips,parkerjohn@gmail.com,+1-338-742-5090x84648,2020-08-24,Platinum
353,Steven Lee,richard72@anderson.com,2304748326,2020-08-23,Platinum
354,Shannon Brown,beverly78@gmail.com,433.412.3859,2021-07-18,Silver
355,Aaron Dunn,keithromero@gmail.com,(204)246-9433,2022-03-20,Gold
356,Thomas Davis,eclark@page.com,+1-495-252-7849x369,2020-08-04,Free
357,Francis Ali,jennifer22@avila.com,205.023.7277x493,2020-08-13,Platinum
358,Douglas Thompson,gpacheco@hotmail.com,451-887-5353x8729,2020-11-03,Platinum
359,Matthew Jensen,robert72@simpson-watson.com,+1-085-955-6462x8356,2020-07-17,Bronze
360,Bill Hall,andrew84@rios.org,+1-667-302-5432x14908,2022-04-25,Bronze
361,Tracey Nguyen,jessica37@king.info,+1-385-057-8399x736,2021-12-01,Free
362,Jake Carter,tylermichelle@crawford-taylor.info,001-913-429-3295x01802,2021-12-13,Silver
363,Michael Harris,alecolson@hotmail.com,116-138-4142,2021-10-24,Silver
364,Cathy Escobar,qharper@gmail.com,844-994-4421,2020-12-24,Platinum
365,Adam Bailey,brittany03@hotmail.com,(531)228-0630,2020-08-10,Gold
366,Paula Durham,nguyenmichael@hotmail.com,(579)493-8222x687,2020-09-16,Platinum
367,Jesse Johnson,katie64@gmail.com,076-638-0533,2021-02-23,Gold
368,Austin Nichols,hillphilip@hotmail.com,001-010-572-6085x12453,2021-12-09,None
369,Hannah Vargas,ocastillo@ward.biz,344-815-0502,2020-07-06,Free
370,Patrick Clark,whitepatricia@yahoo.com,0120039138,2022-03-03,Silver
371,Christina Campbell,martinwalker@powell-smith.com,8162686566,2020-12-11,Silver
372,Nicole Lam,davidgomez@garcia.org,870.934.1781x35145,2020-09-23,Silver
373,Justin Woods,hcooke@gmail.com,058-753-2009x7192,2020-09-19,Bronze
374,Tracy Moon,christina41@gmail.com,9105129269,2021-11-03,None
375,Curtis Aguilar,sean49@gmail.com,(125)088-0160,2021-03-29,Free
376,Erin Bond,larry35@haas.com,001-538-687-2108x15680,2020-12-27,Platinum
377,Richard Powell,joannamarshall@gaines-walker.net,(805)696-8018x810,2020-08-17,Silver
378,Betty Mccarthy,kchristian@hoover.info,692.869.8270x9241,2020-09-25,None
379,Marissa Cruz,christina25@smith.com,001-979-395-2980x45484,2021-10-17,Gold
380,Sarah Salinas,amccullough@yahoo.com,773.621.1742x14416,2021-08-02,Platinum
381,Alexander White,kristinajones@gmail.com,001-434-973-8214x4251,2021-02-24,Bronze
382,Lee Ford,markwebb@yahoo.com,+1-794-704-3949x59158,2021-11-02,Platinum
383,Shannon Hensley,kyledavis@yahoo.com,(603)141-3729x4986,2020-10-11,Bronze
384,Mark Brewer,fmarshall@martin.com,(569)418-2555x7025,2021-09-03,Silver
385,Vanessa Ball,justin62@wilson-wong.com,001-841-960-7403x25729,2021-12-12,Gold
386,Melissa Atkinson,chadjohnson@scott-mccarthy.com,163.051.7689x8926,2021-10-26,Silver
387,Tiffany Davis,russelljordan@gmail.com,692.179.9741,2020-09-19,Platinum
388,Steven Washington,murphyjake@carrillo-martinez.com,+1-528-912-0117,2022-01-23,Silver
389,Amanda Scott,brandon74@rodriguez.net,217-627-3450,2021-02-23,Platinum
390,Austin Rice,tyoung@lyons-smith.com,+1-094-328-3654,2020-11-24,Platinum
391,Jose Arroyo,joelbarber@hotmail.com,+1-061-100-2832,2022-04-06,Bronze
392,Samuel Wade,ramoschristina@gmail.com,001-382-933-9103,2020-12-30,Silver
393,Mindy Johnson,robinsonkelly@yahoo.com,939-971-4237x1350,2020-12-20,Free
394,Angelica Price,leroymoore@smith-king.com,185-797-0205,2022-04-19,Gold
395,Kevin Obrien,maxwellrebekah@stone-leon.com,666-151-5296x01883,2022-05-21,Free
396,Anthony Obrien DDS,christopher90@sanchez-mcfarland.net,(651)269-0819x383,2021-08-19,Platinum
397,Xavier Freeman,susancharles@gmail.com,001-652-975-9436x524,2021-11-14,None
398,Zachary Miller,xmurray@hotmail.com,(641)473-9555x138,2020-08-10,Platinum
399,Theresa Williams,ibrooks@christian.com,(727)887-1711x2726,2021-02-11,Silver
400,Abigail Stephens,sharonhunt@robbins.org,237.410.4489,2021-01-06,Free
401,Eric Thomas,gonzalesjohnny@yahoo.com,1997849834,2020-12-12,Silver
402,Timothy Wolfe,mboone@rodriguez.com,886.297.2109,2021-03-31,Free
403,Travis Foster,ygardner@hotmail.com,2058181271,2021-06-11,Silver
404,Ashley Hayes,pricezachary@johnson-bowman.com,+1-695-374-0186x60616,2020-10-25,Bronze
405,Eric Thompson,cyoung@brown.com,436.792.8811,2021-04-25,Free
406,Debra Herring,steelechristopher@watts.org,2837678937,2022-02-07,None
407,Mark Moreno,joshuapierce@blankenship.com,001-411-520-0695x8844,2020-10-18,Gold
408,Brian Howard MD,brandon55@kaufman-rose.com,129.288.3428x5856,2021-06-04,Bronze
409,Andre Brown,tgomez@lewis.com,051-844-8695,2021-03-28,Platinum
410,Eric Garcia,camachotiffany@yahoo.com,453-116-4425x93731,2022-03-02,Free
411,Daniel Guerrero,myerslisa@yahoo.com,001-017-134-8447x31035,2022-04-24,Gold
412,Ashley Sanchez,hutchinsoncory@gmail.com,(760)026-2550,2021-06-09,Silver
413,Sean Wilson,aaron46@meyer.com,584-966-4113x5812,2022-04-18,Bronze
414,Tricia Allen,pacevedo@orozco.info,009.801.4735,2021-08-11,Gold
415,John Carroll,elizabethgraves@hoover-wilkerson.info,636-215-4250,2021-08-02,Silver
416,Jeffery Hamilton,colleenhernandez@yahoo.com,001-150-550-8912x60294,2020-11-04,None
417,Jonathon Kelly,gjackson@wells.com,+1-210-593-4861x397,2021-05-20,Bronze
418,Clayton Harris,usilva@gmail.com,001-865-948-1642x164,2022-05-16,Bronze
419,Brandon Neal,jenniferlane@hotmail.com,(093)046-9341,2021-06-10,Bronze
420,Allison Price,todd12@turner.info,295.088.1871,2020-12-22,Free
421,Mark Mccann,jonesjuan@gmail.com,+1-172-208-9529x497,2020-07-29,Bronze
422,John Yang,dorothysmith@pitts.org,(948)018-7746x9511,2021-12-26,Bronze
423,Martha Leonard,davenportjoseph@morgan-forbes.net,(284)545-3039,2022-03-23,Bronze
424,Gary Shaw,davidwilkinson@yahoo.com,551.338.4397x46988,2020-08-26,None
425,Brooke Estrada,michael69@gmail.com,780.527.0750,2020-06-30,Silver
426,Lisa Chan,dustin34@yahoo.com,(696)533-5799,2021-08-24,Silver
427,Jessica Vega,uarmstrong@miller.com,598-989-5130,2021-06-22,None
428,Kevin Smith,wilsonjean@oneal-williams.net,+1-591-444-7533x2936,2021-02-10,Gold
429,Lisa Summers,deborahelliott@clayton.org,001-975-687-1696x1463,2022-03-04,Silver
430,Heidi Foster,patriciagriffin@yahoo.com,901-036-3988,2020-11-28,Platinum
431,Joshua Moore,blankenshipkevin@yahoo.com,584-996-2478,2020-07-06,None
432,Laura Scott,brownsheri@hotmail.com,(681)400-7573x1365,2021-09-30,Bronze
433,Sarah Ballard,francesrichardson@gmail.com,001-662-620-9261x32166,2022-01-04,None
434,Jeffrey Wall,stephenhale@hotmail.com,1855697100,2021-05-12,Silver
435,Katherine Davis,martinezernest@gmail.com,771-933-7700x844,2021-10-07,Free
436,Janice Russell,suttonmary@thomas.com,(871)522-0094x842,2021-09-22,Silver
437,Javier Pruitt,jrivera@yahoo.com,001-671-865-0707x6175,2021-09-09,Platinum
438,Margaret Ward,bakerjustin@hotmail.com,(157)064-9764x444,2022-04-23,Bronze
439,Veronica Keith,rdorsey@hotmail.com,+1-402-229-6547,2020-08-08,Free
440,Kendra Spencer,jeffrey84@hotmail.com,+1-909-109-5178,2020-09-15,Platinum
441,Maria Oliver,bradshawbrittany@yahoo.com,001-955-664-0738x4954,2021-08-17,Gold
442,Suzanne Johnson,hollycarroll@hernandez.com,370.223.2627,2021-11-06,Gold
443,Mr. Christopher Brock,aprice@hotmail.com,+1-267-660-5056x84439,2021-08-11,Silver
444,Sue Vance,tony13@yahoo.com,(682)858-0091,2021-07-15,Bronze
445,Marisa Nunez,matthew07@yahoo.com,150.840.4055,2022-03-17,Platinum
446,Emily Collins,melindajohnson@miller.com,+1-055-459-2075x7071,2021-11-12,Platinum
447,Elizabeth Hansen,johnflynn@hotmail.com,+1-188-059-6478x094,2020-08-11,Free
448,Rebekah Hall,gmcgrath@velazquez.org,(655)136-1733x41621,2020-10-19,Silver
449,Stephen Roach,garnerchristian@vazquez.com,+1-939-684-9682x41378,2021-04-14,Gold
450,Sheryl Tucker,stephen45@gmail.com,161.292.0632,2020-10-12,Free
451,Karina Kim,pharvey@graves-johnson.net,615.246.3258,2021-10-30,None
452,Anthony Cooper,yorklauren@valencia.com,8680992190,2022-05-15,Gold
453,Sherry Walters,hamiltonamanda@hotmail.com,+1-048-397-3304x0586,2022-04-01,Bronze
454,Michelle Bautista,xjackson@rogers-burke.com,001-927-944-8192x5747,2021-01-21,Free
455,William Gross,mary24@pope-garcia.org,001-248-874-0891x7970,2021-08-31,None
456,Christian Nguyen,zscott@yahoo.com,+1-971-286-8104x037,2021-10-03,Gold
457,Alyssa Olsen DVM,lawrencenguyen@gmail.com,001-712-404-7834x69946,2022-04-17,Gold
458,Olivia Ellis,dlucero@hotmail.com,(511)753-5651x8202,2021-02-08,Platinum
459,Maria Wells,lisagray@owens-miller.com,+1-039-955-0403x573,2021-09-01,Free
460,James Reid,alvareznicole@garcia.com,809.481.3173x17053,2020-12-15,Silver
461,Lindsay Turner,dorisbooth@campbell.com,092-837-2669x707,2021-10-27,Bronze
462,Brenda Rose,karen34@yahoo.com,+1-307-082-0259x05875,2022-03-14,Silver
463,Autumn Hill,nathaniel04@hotmail.com,477-230-7135x797,2021-03-01,Bronze
464,Alicia Torres,cgarcia@chen.biz,+1-487-996-0846,2021-04-15,None
465,Chelsea Johnson,sandradavis@martin.net,677-292-3394x18023,2021-09-16,None
466,Lisa Williams,melindalowe@gmail.com,767.509.3582x29877,2020-07-14,Free
467,Michael Sloan,rileymichael@yates.com,+1-546-405-5665,2020-08-31,Silver
468,Marie Carter DVM,sydneycamacho@hotmail.com,+1-266-836-6651x139,2021-06-22,Platinum
469,Phyllis Sanders,dpena@hotmail.com,784.953.4631x52294,2020-09-06,None
470,Anthony Lambert,phiggins@barrett.com,043-086-8769,2020-08-14,Silver
471,James Owen,kgreene@thompson.com,(291)238-5872,2022-04-23,Platinum
472,Alyssa Jones,clarkwilliam@yahoo.com,517-156-3408x9907,2022-05-12,Platinum
473,Nicholas Aguilar,ramirezkevin@yahoo.com,001-716-481-1259x343,2020-06-14,Platinum
474,Michelle Torres,heather29@newton.org,001-548-514-5813x551,2022-02-14,Gold
475,Marvin Kaufman,sweber@hotmail.com,0332191968,2021-06-13,None
476,Cole Warren,catherineriley@hotmail.com,573-723-6130x0523,2020-11-10,Gold
477,Reginald Smith,stephenssherri@peters.com,(963)272-8230x33155,2022-05-16,Silver
478,Raymond Holland,jacqueline59@yahoo.com,230.008.2020,2021-04-01,Bronze
479,Kevin Palmer,fischermelvin@serrano.com,491.956.5981x55786,2021-06-14,Gold
480,Rachel Morris,haynesjennifer@golden-price.com,+1-179-019-6504x810,2020-07-16,Gold
481,Samuel Peters,susan83@hotmail.com,(234)639-2984x5836,2021-08-13,None
482,Jennifer Hughes,gpierce@mack-mills.com,641.238.9490,2022-05-25,Gold
483,Mindy Reilly,blackbrandon@yahoo.com,837-925-4486,2021-01-24,Free
484,Ryan Baxter,amartinez@cooper-francis.com,001-830-176-1008x3271,2021-01-19,Silver
485,Sherry Rodriguez,cmorton@yahoo.com,463.921.8439,2020-10-15,None
486,Lindsey Phelps,sarahconley@bradford.biz,477-734-5735,2022-05-27,None
487,Edward Lewis,ramseyemily@harris.com,6557455432,2021-01-31,None
488,Alyssa Gardner,tonya87@gmail.com,(583)117-4800x88064,2021-05-18,Free
489,Diane Cannon,ryan28@gmail.com,927.771.4663x89423,2021-02-24,None
490,Benjamin Mullins,patriciaanderson@li.com,(130)764-2012,2020-10-20,Free
491,Matthew Landry,xoconnor@hotmail.com,191.244.9952x45460,2022-04-03,Free
492,Andrew Lewis,omontgomery@gmail.com,472-058-9117x776,2021-10-04,Gold
493,William Smith,bestsean@gutierrez.net,+1-629-007-4443x71743,2022-01-19,Free
494,Jessica Holmes,lauraturner@gmail.com,959.323.1386,2022-01-31,Silver
495,Patrick Williams,raymondowens@rice-barrett.net,648.453.6563,2021-02-16,None
496,Zachary Rios,dawn67@hotmail.com,820.773.4211x6963,2021-08-22,Gold
497,Kristie Francis,pgomez@cooke.com,(762)514-3161x22920,2021-09-10,Bronze
498,Carrie Adams,brittneyhansen@hotmail.com,+1-680-175-3185x75025,2022-02-10,None
499,Mary Brown,sandramurphy@long-obrien.org,1504788300,2021-04-12,Platinum
500,Lori Wright,tracyallen@yahoo.com,313-322-6942x420,2021-07-22,Silver
501,Vickie Liu,jessica57@hotmail.com,+1-893-893-3385x9152,2020-11-11,None
502,Dr. Kevin Bates DVM,stevengarza@hotmail.com,8094482823,2021-07-01,Free
503,Connie Gomez,hturner@gmail.com,561-819-8777x11724,2020-12-21,Silver
504,Ryan May,tthompson@zhang-sanchez.com,573.397.1862x226,2020-11-23,Gold
505,Olivia Morse,phernandez@moore-yoder.com,533-732-6447x136,2022-02-03,Silver
506,Pamela Baldwin,rossdonald@gmail.com,539.759.8145x51653,2021-05-11,Gold
507,Robert Kelly,murphylinda@hotmail.com,(538)026-7408,2021-08-01,Silver
508,Christopher Barnes,carmenmason@stewart.info,(643)891-7264x42018,2020-10-10,Free
509,Ashley Carlson,wrightdustin@blackwell.biz,849-743-9061x5992,2021-10-05,Free
510,James Murphy,sharon75@hotmail.com,+1-731-340-5616x70502,2022-01-22,Platinum
511,Mr. Thomas Rocha,thomas33@brown.org,(730)091-8804,2021-03-12,Bronze
512,Heather Hess,markpittman@hotmail.com,+1-384-640-0866,2021-02-06,None
513,Rachel Klein,douglaspalmer@hotmail.com,486.485.3791x38775,2021-01-30,Bronze
514,Erin Elliott,zmcdonald@monroe.com,001-666-995-7554x5127,2022-04-21,Bronze
515,Nicole Cox,zsnyder@gmail.com,930.423.1047,2020-09-11,None
516,Brian Atkins,moranmadison@johnson.com,001-746-971-0136,2020-10-09,Free
517,Eric Mills,halenicholas@davis.biz,(906)974-4518,2021-02-19,Silver
518,Melanie Walter,erica49@gmail.com,084-287-7659,2021-03-19,Silver
519,Larry Fuller,danalopez@salas.com,684-504-9868,2021-12-27,Gold
520,Andrew Gordon,laurenjordan@patterson.com,9789876861,2022-01-12,Free
521,Christopher Scott,nelsondonna@marshall.com,(460)438-7997x322,2020-06-20,Platinum
522,Keith Brandt,qestrada@richardson.com,(157)458-6419,2021-09-09,Platinum
523,Dr. Harold Stewart,zparker@riley.net,001-505-261-7541x2260,2020-06-06,Silver
524,Olivia Owen,crystalparker@thomas.org,(300)579-6561x82241,2022-02-10,Gold
525,Tara Willis,schneiderangela@yahoo.com,(335)402-0458,2022-03-13,Bronze
526,Marcus Suarez,kscott@young.net,001-558-235-8683x764,2021-03-21,Bronze
527,Jennifer Harding,karenrogers@smith-sheppard.com,+1-476-900-8272x51540,2020-11-21,Silver
528,Eric Romero,christinepeterson@yahoo.com,913-684-6928,2020-06-20,Silver
529,Thomas Mendez,james95@hotmail.com,+1-927-009-1208x1680,2021-02-15,Bronze
530,Sheri Wright,parkjared@yahoo.com,6673892817,2021-05-26,None
531,Edward Brown,wpeterson@vaughn.com,278-681-1088,2022-04-22,Bronze
532,Michelle Anderson,wpotter@johnson.com,001-981-935-0681x538,2020-08-11,Platinum
533,William Vasquez,martinkatherine@hotmail.com,684-585-4743,2020-12-07,Platinum
534,Alan Clayton Jr.,cbanks@hotmail.com,+1-656-395-8773x443,2021-04-13,Bronze
535,Travis Bailey,daviddodson@rodriguez-guerrero.biz,+1-361-521-2664x0384,2021-02-10,Silver
536,Michelle Conner,carpenterandre@lee.com,(931)658-6547x9615,2021-08-10,Free
537,Ronald Pruitt,ostone@peterson-miller.com,326-374-8886x2498,2021-05-12,None
538,Deanna Blanchard,andrew48@bell.net,(578)203-0205,2022-02-10,Free
539,Andrew Rivas,yortiz@yahoo.com,407-891-8289x667,2021-06-24,Platinum
540,Michael Lucas,rogersbarbara@blanchard-williamson.com,617.149.5985x070,2021-12-18,Free
541,Joe Castillo,martinezgerald@alvarez-cole.com,(227)923-9152x42996,2020-07-28,Bronze
542,Joseph Mullins,harrellbradley@wang-stark.com,(841)119-4112x77029,2021-07-03,Bronze
543,Brian Lane,chavezsusan@zimmerman.com,968-299-2476x953,2021-04-08,Bronze
544,Erin Morton,tonyamorris@gmail.com,001-402-137-5389,2020-07-20,None
545,George Bryan,acook@yahoo.com,001-451-578-5836x0276,2020-11-27,Bronze
546,Jeremy Schroeder DDS,daniellejones@gmail.com,(569)601-7722,2021-12-06,Free
547,Christopher Hernandez,katherinesmith@singh.com,490-427-1314x820,2022-01-29,Free
548,Justin Silva,kyle55@hotmail.com,688-030-9191,2020-12-29,Bronze
549,Katie Mcmillan,margaretpruitt@smith.com,+1-129-892-8548x0200,2021-05-08,Silver
550,Shirley Johnson,jordan27@mcmahon.com,+1-263-172-6100,2021-08-08,Gold
551,Frank Stone,nguyenmichele@gmail.com,270.871.2849x31765,2020-06-22,Gold
552,Angela Weber,amyharper@taylor.biz,627.527.8932x40467,2021-02-09,None
553,John Patterson,ssampson@gmail.com,3183419083,2021-10-10,None
554,Nicole Adams,jsullivan@scott.org,496.754.0986,2021-02-28,Platinum
555,Michael Gregory,bweiss@hotmail.com,+1-006-539-1031x576,2021-07-05,Bronze
556,William Martinez,yfisher@french.com,001-381-149-8748x44493,2020-08-11,Free
557,Sandra Orr,lduke@barnes-farmer.com,001-927-578-2952,2020-11-15,Bronze
558,Donald Blake DDS,bradburton@smith-brown.net,+1-714-745-4208,2021-11-23,Gold
559,Alexandria Ross,eanderson@george.com,(345)572-9562x610,2021-12-20,None
560,Robin Sellers,nicholas05@yahoo.com,508.142.0306x26371,2020-11-22,Free
561,Nicole Allen,smithstephanie@hotmail.com,629-394-2988x7626,2021-10-06,Gold
562,Sean Cherry,sampsonbruce@yahoo.com,301.172.6749x992,2020-12-26,Platinum
563,Carol Kelly,bradycassandra@murphy.com,1762687196,2020-09-19,Bronze
564,Madison Mcknight,wilkersoncaroline@smith.com,4664931132,2021-10-20,Silver
565,Crystal Thomas,deannawheeler@lopez-moore.com,+1-241-247-5414x0826,2021-07-16,Gold
566,Marie Murphy,pstark@knight.org,001-646-958-6710x66904,2020-10-13,None
567,Scott Spears,glong@robinson.biz,(978)228-8752,2020-11-29,Free
568,Richard Meyers,slin@yahoo.com,001-610-405-1989x3390,2020-07-05,Gold
569,Kayla Booker,leslieberry@thomas-schroeder.org,001-610-903-6870x688,2021-11-11,None
570,Cheryl Thomas,melissa51@brown-cunningham.com,090.083.2554x51102,2021-05-31,Free
571,Scott Hendricks,shelby74@hotmail.com,001-330-330-6626x2747,2021-05-08,None
572,William Weber,wardvincent@hotmail.com,(906)252-8792x400,2020-08-12,Gold
573,Darryl Wilkins,gloverhannah@kennedy.com,+1-743-149-4578x712,2021-06-28,Platinum
574,Monica Jackson,walterthomas@rosario.com,(949)803-4482,2022-04-08,Gold
575,Teresa Cooper,tmckenzie@kelly.com,8916172789,2020-08-09,Free
576,Robert Hunt,gina52@dixon-barrett.com,447-660-3317,2020-12-26,None
577,Joseph Harmon,baileysheila@cortez-rodgers.com,(465)800-7164x004,2021-05-17,Silver
578,Kelly Bailey,tracey70@levy.com,(197)521-3708x6863,2021-09-12,Gold
579,John Mitchell,victoria56@hotmail.com,(524)027-9684x1385,2022-05-09,None
580,Robert Lewis,sharris@hotmail.com,654.232.0105x8240,2021-08-08,Platinum
581,Hayley Marshall,patrickhorn@smith.com,+1-404-349-1069x719,2021-08-27,Platinum
582,Nathan Allen,skinnergabrielle@gmail.com,637-050-1177,2021-05-28,Platinum
583,James Allen,lfrazier@king.com,+1-666-058-4608x385,2021-05-08,Gold
584,Rebecca Reyes,jeremybuchanan@gmail.com,470.085.6491x326,2021-08-30,Platinum
585,Anthony Scott,xcannon@williams.biz,001-054-204-6625,2021-04-16,Platinum
586,Deborah Parker,louisgriffin@hotmail.com,948-041-9329,2020-08-08,Bronze
587,Rebecca Perkins,heatherking@gmail.com,+1-109-592-1756,2022-03-06,Silver
588,Marie Jackson,glenclark@gmail.com,580-562-9064x443,2020-06-19,Free
589,Kevin Fox,joelmartinez@williams.com,(570)866-5094x63531,2022-05-13,Free
590,Robert Wood,fordjames@gmail.com,+1-094-951-2373x500,2021-12-11,None
591,Ryan Bradshaw,ashley94@roberts.com,243.898.0410,2020-06-21,Platinum
592,Mary Sanchez,fordnathan@wilcox.com,(208)152-2292x7453,2020-10-15,Platinum
593,Mrs. Brooke Hall MD,marshalleric@zamora.biz,8200504562,2020-09-28,Platinum
594,Kenneth Arellano,kyle01@yahoo.com,853-977-6729x380,2020-12-08,Bronze
595,Robert Jones,shane19@yahoo.com,413.762.9415x8506,2020-12-23,Free
596,Thomas Taylor,jonathanmunoz@woods-lee.biz,(563)700-4247x42905,2020-07-12,Gold
597,Anthony Duncan,jennifer31@yahoo.com,052.881.6782,2021-07-01,Gold
598,Stacey Moore,timothyedwards@hotmail.com,178.576.0741x4941,2022-04-14,Free
599,Elizabeth Baker,jessica83@sellers.org,365-225-6030,2021-12-06,Gold
600,Nicole Martinez,clayton44@gmail.com,393-791-7065x89423,2020-06-22,Gold
601,Kristina Thomas,erichughes@hotmail.com,806-781-9157x7732,2020-08-06,Silver
602,Paula Castaneda,robertgibson@perez-greer.net,005.131.7182x86053,2022-03-24,Platinum
603,Cathy Andrews,marksrobert@hotmail.com,+1-739-397-8807x8584,2020-08-21,Bronze
604,Victor Gomez,afreeman@jones-evans.net,967.283.2068x6817,2020-12-30,Bronze
605,John Watkins,vjones@duffy-romero.com,001-277-793-2518x722,2021-10-02,None
606,Todd Norton,pjones@macdonald-maxwell.com,+1-349-414-5943x6631,2022-02-09,Platinum
607,Katherine Davis,rchristian@yahoo.com,(525)475-7949x88375,2021-07-19,Free
608,Mandy Taylor,jterrell@crawford-guzman.net,(839)751-0470x206,2020-06-28,Gold
609,Michelle Stark DDS,tosborne@gmail.com,921.746.1424x762,2021-02-10,Free
610,Desiree Rogers,bonnieford@werner-martin.net,072-342-6644,2021-03-15,None
611,Donald Anderson,david33@soto.biz,+1-872-347-6673x6610,2021-08-05,Platinum
612,Jessica Stone,jordanhicks@gmail.com,(465)726-4236x258,2021-11-25,Silver
613,Martha Jimenez,vmclaughlin@hotmail.com,(463)278-0367,2020-08-25,Free
614,Joseph Weber,john02@wilson-moore.com,702.457.4714x356,2021-11-12,Gold
615,Donald Martin,mooremarcus@yahoo.com,257-022-6756x469,2022-01-13,None
616,Mark Dudley,jaymcdowell@miranda.org,001-560-477-8588x032,2020-10-07,None
617,Jake Daniels,kelseyjackson@gmail.com,428-531-0045x5053,2021-11-30,Bronze
618,Kevin Bond,cynthia11@hebert.com,+1-956-177-9323,2021-12-26,Bronze
619,Luke Clarke,jbaker@yahoo.com,207-107-6514,2020-11-09,Free
620,Anthony Benson,lsmith@hotmail.com,261.808.3826,2021-08-15,Silver
621,Steven Adams,toddsharon@casey.info,(132)519-0172,2020-06-26,None
622,Tyler Frye,william14@ross.org,772.588.2708,2020-11-17,Platinum
623,Judith Torres,steven26@khan.com,(319)607-3998x8766,2022-04-21,Bronze
624,James Evans,christine14@curtis-allen.com,(181)074-8613x68370,2021-12-29,None
625,Cassandra Johnson,smithjerome@morgan.info,7886873123,2021-05-03,None
626,Sarah Chen,baileymartinez@yahoo.com,(337)522-7343x3782,2021-02-18,Platinum
627,Christina Stewart,clarkanna@bishop.com,6203715599,2021-11-28,Free
628,Pamela Jensen,jeffreyjacobson@kidd.org,(352)531-5740x05246,2022-04-04,Free
629,Kevin Moore,millercolton@scott.com,001-495-045-0306x425,2022-01-13,Gold
630,Michele Hensley,matthewsnicholas@oneill-calderon.biz,(011)918-5060,2020-07-14,None
631,Ashley Wilson,hurleydevin@yahoo.com,001-572-051-7022x5063,2021-01-10,Bronze
632,John Trevino,williamgonzalez@vang.biz,788-716-1078x48380,2020-12-18,Platinum
633,Jeremy Smith,victoriastephens@yahoo.com,+1-707-605-4736x832,2021-04-09,Gold
634,Lauren Stephens,hinescody@johnson.com,+1-362-212-2492x5420,2021-06-08,Silver
635,Susan Miller,rebecca22@yahoo.com,185-331-6807x892,2020-09-23,Bronze
636,Virginia Williams,william05@hotmail.com,716.372.2322x033,2021-06-24,Silver
637,Joyce Hinton,tgibbs@sheppard.biz,901-715-1516x269,2021-06-10,None
638,Cynthia Brown,melissaclark@yahoo.com,017.839.7899x15971,2021-01-08,None
639,Scott Curry,daniellegomez@yahoo.com,712-450-3895x78418,2020-08-10,Platinum
640,Lauren Brown,angela82@johnson.biz,393.113.1636x61557,2021-08-30,Silver
641,George Adams,justin82@olson-hill.net,722-316-9905x642,2021-03-22,None
642,Kimberly Vasquez,rhonda10@esparza.com,+1-107-297-5215,2021-04-07,Free
643,Kevin Le,rfuller@hotmail.com,(257)852-7827x5997,2020-11-09,Gold
644,Alexis Johnson,christopherhoffman@hotmail.com,630.772.9560x72679,2020-12-22,Gold
645,Kyle Wu,jasonvillarreal@sanders-vasquez.info,+1-691-241-1443x71559,2020-08-01,Free
646,Susan Larson,lacosta@myers-watson.com,+1-487-515-4503x6472,2021-06-30,Silver
647,Valerie Hansen,hhoward@osborne.com,183.573.7241x914,2022-05-18,Gold
648,Sharon Bright,paula10@gmail.com,+1-372-429-6205x5306,2020-09-09,Silver
649,Andrew Williams,chad25@gmail.com,172-797-1987x7719,2021-05-02,Gold
650,Steve Tran,nicholas22@moore-moody.org,214.595.4359x857,2021-01-28,Free
651,Alan Douglas,karilittle@sanchez.org,955-111-0705x6687,2020-07-25,Platinum
652,Meredith Peterson,nelsontammy@yahoo.com,(127)949-1527x0997,2022-04-22,Bronze
653,David Vargas,jsmith@hotmail.com,(316)649-0705x240,2020-08-25,Gold
654,Roger Hurley,jgonzalez@hotmail.com,(447)888-6309,2020-12-03,Gold
655,Donald Harrison,tylermeyer@gmail.com,(901)977-2080x9168,2021-06-04,Silver
656,Luis Wilson,frazierjustin@williams-leblanc.com,155-186-3749x76205,2020-12-06,Free
657,Timothy Hicks,ksanchez@gmail.com,001-280-476-3565x25482,2021-07-11,Gold
658,Lisa Moody,eharris@hotmail.com,001-799-500-1830x4180,2021-01-17,None
659,Michael Molina,tperez@callahan-smith.net,557-643-2561x0246,2021-10-19,Bronze
660,David Carter,susantaylor@perry.com,328.501.9085x274,2021-01-30,Silver
661,Wayne Anthony,amywells@yahoo.com,(101)987-1857,2021-08-07,Gold
662,Kelli Wells,hawkinsjeffery@hotmail.com,4345297656,2021-01-28,Free
663,Jesus Thompson,eric13@wolfe.com,269.008.9216x064,2020-10-07,Free
664,Justin Hoover,davidfoster@west.com,766.954.4517x687,2021-06-12,Free
665,Mariah Hudson,angela78@gmail.com,199-017-8155x91019,2021-06-05,None
666,Makayla Anderson,andersoncindy@gmail.com,001-750-412-0554,2022-05-12,Gold
667,Kathryn Morrison,nbaker@douglas.com,476.542.1477x344,2020-09-12,Silver
668,Tina Huang,james80@brown.com,+1-978-658-0089x8776,2021-05-31,Free
669,Deanna Christian DDS,zhale@bennett.biz,173-099-5732x643,2020-11-18,Bronze
670,Sharon Garza,shicks@davis.net,+1-671-143-3705x9108,2021-02-21,Gold
671,Valerie Osborne,tylerspencer@yahoo.com,(696)739-8589,2020-12-20,Bronze
672,Justin Downs,riosdon@yahoo.com,(281)956-1874,2021-03-25,Bronze
673,Heather Carter,robert20@romero.com,3989921109,2021-01-28,Bronze
674,Bethany Carter,brandon12@baker.biz,(538)846-4619x29943,2021-04-25,Free
675,Kristy Huynh,melissazavala@hotmail.com,776-789-6249,2020-11-02,Bronze
676,Jason Brown,rodriguezelizabeth@reynolds.net,670.622.4832x376,2021-11-10,Platinum
677,Nicole Chen,tpatterson@yahoo.com,001-057-264-3290x8798,2022-03-15,Free
678,Jessica Mckay,nealdaniel@brown-gonzalez.com,144-120-4832x93706,2021-02-24,Platinum
679,Eric Day,lee92@gmail.com,+1-446-361-0882x7654,2020-10-05,Silver
680,Jennifer Martinez,nicolas56@patterson.info,(696)214-2157x5932,2020-08-04,Gold
681,Rachel Marshall,grahamjohn@gmail.com,085-049-4169,2020-05-31,Platinum
682,Paige Harris,james79@martinez-martin.org,+1-088-270-5771x9115,2021-05-20,Platinum
683,Ana York,qturner@gmail.com,+1-811-000-7764x53650,2021-12-30,Gold
684,Lauren Reed,ellismark@gmail.com,001-866-040-6053x2723,2020-12-17,None
685,Brent Campos,patricia30@lucero.com,001-575-272-8635,2021-02-13,Silver
686,Dr. Tina Davidson,joshua92@gmail.com,637-229-7383,2022-05-18,Gold
687,Elizabeth Thomas,silvabrian@patton.com,+1-863-568-7000,2020-07-18,None
688,Brian Torres,qvaldez@wang.com,(659)177-0828x7199,2021-11-06,Bronze
689,Jessica Hogan,margaretduran@yahoo.com,453.778.9464x72551,2021-10-01,Bronze
690,Jesse Davis,sabrina32@yahoo.com,+1-028-273-1888x9257,2022-01-24,Silver
691,Matthew Moore,thomas53@kim.org,359.220.1593x4287,2020-09-28,None
692,Megan Ellis,jimmy48@hotmail.com,001-738-351-6908x740,2021-08-19,Gold
693,Manuel Vasquez,qpitts@anderson.org,001-877-963-2228x20974,2020-07-17,Gold
694,James Dominguez,uphillips@turner.com,493.087.4093x73691,2020-06-10,Silver
695,Jose Hale,barbara86@gmail.com,001-647-787-1333x12143,2020-07-22,Free
696,Paige Waller,jeanne30@smith.com,8127541031,2021-04-16,Bronze
697,Edward Castro,eschneider@gmail.com,620.552.4902,2020-10-11,Free
698,Jonathan Chan,ronaldsoto@gmail.com,6683306819,2021-03-13,Free
699,Michael Long MD,fandrews@daniels.info,+1-396-895-7082x3130,2021-12-27,Bronze
700,Daniel Edwards,thomasgeorge@anderson-sandoval.com,448.468.9057x6121,2021-04-13,Platinum
701,Edgar Nelson,daryl06@edwards.com,(170)210-3086x249,2021-05-19,Bronze
702,Joanne Davenport,bartlettryan@hotmail.com,272.095.2360,2020-11-18,Bronze
703,Dr. Brian Monroe Jr.,shawseth@hotmail.com,977.236.0954x725,2021-10-10,Free
704,Michelle Werner,markdyer@rivera.com,7303209304,2021-06-23,Free
705,Amanda Garcia MD,morganronald@barron.com,832.501.1889,2021-04-09,Bronze
706,Zoe Jones,zsmith@nixon.info,001-763-399-4554x97752,2021-03-11,Silver
707,Tammy Gonzalez,olong@patrick.org,(816)002-6942x21415,2021-09-02,Bronze
708,Sarah Mcneil,stricklandnicole@brown.net,+1-242-845-0002x8431,2021-06-23,Silver
709,Travis Kelley,qsantiago@rogers.com,(780)923-7950x94055,2020-10-12,None
710,Bailey Mcdaniel,williammiller@hotmail.com,078-247-7565,2021-01-21,Free
711,Andrew Sawyer,brian82@harris.com,001-053-544-5965x98450,2020-11-28,None
712,Robert Jones,loribryan@jimenez.com,+1-145-385-5432x298,2021-06-12,Silver
713,Edwin Hall,michael08@yahoo.com,(546)135-7344,2021-11-01,None
714,Ethan Burns MD,melody70@flowers-peters.org,(051)269-5198x19503,2021-02-06,Silver
715,Debra Burton,saraochoa@hotmail.com,9124370078,2022-02-19,Silver
716,Heather Martinez,lwest@yahoo.com,3676317731,2021-02-11,Silver
717,Michael Quinn,jhunt@hotmail.com,+1-589-870-5778x441,2021-04-20,None
718,Barry Ford,hlewis@coleman.net,(033)300-4760,2022-01-24,Free
719,Katelyn King,umartin@gordon-wang.com,+1-916-138-0654x7601,2021-12-22,Gold
720,Gabrielle Pollard,gaineskaren@marshall-mcclure.com,766.131.4110x306,2021-01-04,Bronze
721,Michael Hamilton,patriciabradley@collins.org,+1-887-031-1231x479,2021-10-02,None
722,Janet Brown,jessica37@harris.info,227.867.4714x8865,2021-02-14,Silver
723,Amanda Whitney,bernardamanda@dunlap-davis.org,(943)030-2960,2021-09-01,Silver
724,Dr. Joel Cantu,cosborn@yahoo.com,+1-485-403-0852,2021-01-30,Platinum
725,Christopher Davis,charles76@gmail.com,305-609-6215,2020-09-18,Gold
726,Aaron Smith,ebaker@gmail.com,001-205-249-2228x139,2020-07-29,Platinum
727,Anthony Porter,nathancole@yahoo.com,015.583.8538x274,2021-09-14,Gold
728,Allison Perez,kaylamedina@yahoo.com,858.139.5712x5555,2020-10-09,Platinum
729,Katie Ramirez,james87@vazquez.biz,+1-860-485-9240x158,2022-02-12,Free
730,Amanda Adams,moorejessica@hotmail.com,680-598-1832,2021-07-09,Platinum
731,Melissa Arias,agarcia@mclaughlin.info,001-497-216-7512x7327,2021-12-29,Gold
732,Michael Francis,fcampbell@gmail.com,(433)047-5073,2020-08-02,Free
733,Lisa Brown,wsmith@hotmail.com,(791)311-2222,2021-04-05,Free
734,Jason Hendricks,aliciajohnson@williams-randall.com,207-607-5791x22230,2022-05-28,Silver
735,Barry Bush,obrady@hotmail.com,001-922-508-8403x97361,2020-10-16,Bronze
736,Erica Hobbs,justinadkins@mann.com,001-864-350-7109x062,2021-09-10,Silver
737,Jennifer Garcia,krystaldavis@hall.com,7228785016,2021-08-07,Bronze
738,Mary Barber,ypatterson@pugh-horne.net,001-382-730-5821x8319,2021-01-03,Silver
739,Michael Mullins,gross@hotmail.com,951-490-9622x8352,2021-08-12,Free
740,David Bradford,michael89@morton-mcgee.com,3606701819,2021-08-12,Silver
741,Nicholas Cortez,sandradavis@yahoo.com,001-977-603-2559x913,2021-02-18,Gold
742,Kenneth Garrett,woodskimberly@gmail.com,8773508049,2021-04-20,Bronze
743,Paula Alexander,francesmiller@moon.info,+1-886-120-3121,2022-01-31,None
744,Emma Jenkins,angeladawson@yahoo.com,057-610-4108,2022-05-11,Free
745,Matthew Yates,kevinwright@bryant.net,(888)993-6660,2021-08-03,Platinum
746,Patricia Taylor,psweeney@fitzpatrick.com,(108)580-6384,2021-12-19,Bronze
747,Terry Edwards,thomasowens@hotmail.com,786-203-5249,2021-02-11,Bronze
748,Nicholas Kane,riverastephanie@hotmail.com,3942164944,2020-08-10,Bronze
749,Stephanie James,regina49@wright.com,001-470-343-5463,2020-06-23,Free
750,Aaron Carey,lisatate@duffy.com,012.734.1857x57950,2022-01-17,Silver
751,Jeremy Johnson,mackenziewood@king.org,229.529.3809,2021-12-24,Platinum
752,Craig Lara,heather84@gmail.com,832-939-6348x599,2020-11-16,Silver
753,Nicole Johnson,henry58@davis.info,365.167.3062x798,2021-10-27,Gold
754,Angela Patel,tiffany49@cain-woodard.com,307.281.9468x149,2021-05-10,None
755,Nathan Willis,danielcole@yahoo.com,+1-124-526-3040x079,2021-07-08,Gold
756,Robin Smith,david70@hotmail.com,(193)066-1707,2020-12-30,Silver
757,Rebecca Nichols,dana08@yahoo.com,(751)047-8033,2022-05-25,None
758,Rachel Dodson,ryanphillips@sheppard.net,813.094.0569x470,2020-10-15,None
759,Chelsea Hamilton,jduarte@hotmail.com,(553)793-5066,2022-03-24,None
760,Brian Warren,walkeramy@hotmail.com,001-328-324-3545,2020-07-31,Free
761,David Reyes,mistyreilly@yahoo.com,(207)998-5496,2022-01-31,Platinum
762,Mrs. Hannah Ferrell,mestrada@hotmail.com,545-245-5650x8183,2021-05-14,None
763,Marc Johnson,david30@yahoo.com,(264)134-6190x55026,2021-10-31,None
764,Amanda Martinez,fosterapril@moore.net,(745)835-6093x129,2020-06-20,Free
765,Benjamin Haley,joseph67@yahoo.com,550-890-4425,2021-08-26,Gold
766,Christine Wilson,cmclaughlin@gmail.com,001-142-491-5237x577,2022-04-26,Platinum
767,Nicole White,janetnelson@mason-graham.info,378-747-7412x199,2021-02-01,None
768,Lauren Frye,ycisneros@gmail.com,039.414.2390,2022-03-28,Free
769,Scott Valdez,sarah03@gmail.com,001-595-472-6220,2020-08-18,Gold
770,Marissa Molina,rogersmaurice@gmail.com,(601)839-2489x70455,2021-03-22,Gold
771,Caitlyn Smith,michaelanixon@nguyen.com,+1-316-915-6211,2021-11-14,Silver
772,Kathleen Morrow,grogers@hotmail.com,695.681.5731x970,2020-12-07,Gold
773,Annette Romero,kellyrobertson@hotmail.com,271-826-4398x2608,2021-04-13,Free
774,Gerald Silva,norma47@yahoo.com,(415)969-6931x669,2021-06-10,Free
775,James Silva,djennings@yahoo.com,+1-452-724-6999x91043,2020-10-12,Platinum
776,Wendy Reed,cstewart@gmail.com,(301)327-0759x09930,2020-08-01,Platinum
777,Wayne Kline,connerstacey@flores-evans.com,600.861.3861x72137,2021-11-25,Silver
778,Mark Suarez,daryl36@carter-wood.com,+1-165-661-3314x220,2021-01-13,Free
779,Joyce Stewart,ubyrd@thompson.com,001-079-001-6367x5608,2021-03-04,Bronze
780,Dawn Cannon,johnsonmadison@sampson.com,001-908-048-3238x0938,2021-05-25,Platinum
781,John Dixon,jennifermacdonald@romero.org,181-928-6271,2021-04-27,Bronze
782,Tyler Fitzpatrick,sweeneyjerome@gmail.com,+1-626-647-8015x13938,2021-06-05,Free
783,Elizabeth Estrada,joseph11@yahoo.com,863.916.0507x6893,2022-02-22,Bronze
784,Paul Walker,andreagutierrez@hotmail.com,001-634-900-0114x6796,2020-08-16,Free
785,Michelle Anderson,jimmy85@brown.com,880-647-3345x76153,2020-06-11,Silver
786,Sydney Page,pettyjill@hotmail.com,+1-108-663-3013x6583,2021-03-01,Free
787,Samantha Mann,robert12@hotmail.com,(030)623-1079,2021-11-13,Free
788,Travis Chavez,tarasanchez@mitchell.com,874.823.8725,2022-03-31,Silver
789,Mr. Devon Frank,vanessasmith@miller.com,(302)511-2404x1751,2020-08-29,Gold
790,Marie Thomas DVM,rangelmark@yahoo.com,+1-407-337-7559x276,2021-10-26,Bronze
791,Deanna Black,rodriguezmargaret@yahoo.com,963.523.2772,2021-07-21,Bronze
792,Ashley Bradley,jefferyweber@green.com,(971)152-1680,2021-09-26,Bronze
793,Olivia Marshall,pcunningham@hotmail.com,(828)633-1710x703,2020-09-21,Bronze
794,Joseph Martinez,garcianancy@hotmail.com,001-217-686-5109x3723,2020-06-13,Free
795,Anthony Johnson,ericstewart@yahoo.com,354.734.8659x910,2020-09-30,Gold
796,Amanda Garcia,flowersbrittany@ward.org,+1-215-162-8423,2022-03-05,Silver
797,Cody Moss,amy39@harrington-dixon.com,001-069-180-6371x890,2022-02-14,Silver
798,Robert Lewis,theresamartin@warren.com,784.319.4395x032,2021-07-28,Silver
799,James Hayes,thomasheather@andrade-cook.com,(335)198-5812x150,2022-05-22,Silver
800,Gregory Holmes,hayesdebra@gmail.com,420-642-9115,2020-06-28,Bronze
801,Jeffrey Kim,qjohnson@hotmail.com,178-609-9695x97320,2021-01-13,Bronze
802,Nicholas Melendez MD,meganward@hotmail.com,(883)942-4691,2021-04-12,Bronze
803,Margaret Duffy,stevenskristen@hotmail.com,999-884-6324,2020-09-19,None
804,Katherine Jones,michaeldeleon@johnson.com,(766)405-0251,2021-10-27,Platinum
805,Jamie Cruz,warrencindy@gmail.com,573-432-1973,2021-11-04,Platinum
806,Lawrence Coleman,caseyjon@gmail.com,001-292-846-2620x9025,2021-06-27,Platinum
807,Connie Payne MD,alejandromurphy@arellano.com,8025649963,2020-11-15,Gold
808,Christina Macdonald,snowkenneth@gmail.com,001-311-456-2770x4035,2020-09-25,Bronze
809,Sean Middleton,johnsonadam@bell-thomas.net,+1-009-417-0855,2021-09-13,Platinum
810,Sarah Graham,jonesmckenzie@gmail.com,(069)702-8387,2021-10-22,Platinum
811,Randall Garcia,tiffanydavis@gmail.com,+1-854-735-5688x0302,2021-11-30,Free
812,Luis Wall,arthurscott@gmail.com,768-875-0314x18145,2021-11-15,None
813,Alan Parrish,xmorales@hotmail.com,706-789-3795x69595,2020-10-12,Silver
814,Jamie Ramirez,zbarr@smith.com,001-967-903-7548x2008,2021-07-18,Platinum
815,Melissa Gates,kimberly12@hendrix.org,547-502-3011x482,2020-12-28,Free
816,Steven Jones PhD,hendrixelizabeth@gmail.com,467-930-1332,2021-11-12,Free
817,Michael Cole,lewisdavid@hotmail.com,(528)553-3049x5134,2020-05-29,Free
818,Jason Walls,leroyturner@white.com,558.398.9554,2021-08-27,Bronze
819,Steven Miller,griffinconnor@yahoo.com,001-976-372-8575x39475,2022-04-30,Silver
820,Steven Schultz,bwatkins@smith.net,(858)459-3268x66280,2020-12-13,Platinum
821,Joshua Yoder,moorejennifer@gmail.com,(834)178-4339x94230,2021-02-26,None
822,Christian Taylor,turnermatthew@lee.com,275-154-1206,2020-09-16,Bronze
823,Mark Brown,ewillis@johnson-hill.biz,231-410-1198x655,2021-09-10,Platinum
824,Brittany Young,wintersdaniel@gmail.com,+1-633-865-1382,2021-03-07,Silver
825,Steven Sherman,ncervantes@yahoo.com,(820)802-3154,2021-05-14,Free
826,Ms. Sara Fuentes DDS,iperry@hotmail.com,(553)069-4254x2005,2020-12-12,None
827,James Evans,jacob37@gmail.com,(488)600-2117,2021-12-09,None
828,Nicole Conley,andrew41@allen.com,0621400090,2021-08-11,Free
829,Mary Rodriguez,mwilson@gmail.com,+1-370-343-4217x1814,2021-12-12,Silver
830,Alexis Clark,ugonzalez@james-peck.org,448.854.1850x8263,2022-05-17,Gold
831,Miguel Townsend,andrea28@allen.com,712-436-5977x306,2021-02-05,Free
832,Jonathan Brown,kevin30@gmail.com,(213)030-1886x71888,2020-06-24,None
833,Willie Thomas,sharonspence@carpenter.com,+1-740-702-2444x473,2021-11-27,Free
834,Angela Gray,alexsmith@hotmail.com,+1-278-490-2588,2020-07-31,Silver
835,Elizabeth Nelson,russell95@yahoo.com,+1-678-540-3691x7010,2022-05-26,Bronze
836,Rebecca Jackson,olsonelizabeth@olson.com,+1-240-766-8456x836,2020-06-13,Platinum
837,Danielle Vargas,fosterrachel@wall.biz,+1-809-542-0501x389,2020-09-21,None
838,Sheena Perkins,andrewsjames@yahoo.com,(639)086-3101x57815,2022-02-23,None
839,Leonard Lewis,grimesjoseph@gonzalez-kramer.com,001-826-995-2006x125,2020-12-05,Silver
840,Edward Zuniga,daviskim@peterson.org,+1-607-900-6914,2020-11-27,Silver
841,Tonya Mitchell DDS,robertpeterson@yahoo.com,001-740-524-5435x3015,2020-11-17,Free
842,Garrett Richardson,bergleslie@hotmail.com,(595)808-5423,2020-07-17,Silver
843,Jessica Bryant,christinanichols@rivera-everett.biz,+1-329-790-1041x17532,2020-07-26,Gold
844,Jim Russell,frodriguez@yahoo.com,(720)833-1765,2022-01-01,Platinum
845,Dominique Brown,emily84@strong-austin.com,068.900.6610x66843,2022-05-14,Gold
846,Gregory Jefferson,tjones@jones.com,744.475.4795,2020-11-07,Gold
847,Samuel Walton,devin41@lynch-evans.com,698-033-3294x7610,2020-09-10,None
848,John Barker,christopheranderson@gmail.com,(073)029-5919x6743,2021-01-14,Gold
849,Diana Dunlap,jeremymorgan@hotmail.com,4536676612,2021-03-21,Bronze
850,Sara Torres,matthew75@allen.com,756.607.9274x53301,2020-09-03,Gold
851,Katherine Sawyer,esmith@hotmail.com,(887)144-4843,2021-05-03,Gold
852,Katrina Proctor,brewerjenna@yahoo.com,+1-814-241-3030x34334,2020-12-25,Platinum
853,Richard Lopez,ronald74@petersen.com,2947174691,2021-08-25,Gold
854,Jennifer Lee,tflores@smith.com,449-751-2717x10265,2021-07-22,Gold
855,James Stark,wadedavid@yahoo.com,001-873-150-3765x320,2021-06-25,Gold
856,Ann Williams,pglover@yahoo.com,4672574141,2022-04-10,Gold
857,Stephen Padilla,farmerelizabeth@yahoo.com,925-371-7342x945,2021-09-20,Free
858,Monica Norman,scottmoore@yahoo.com,+1-995-394-7968x72675,2022-04-25,Free
859,Taylor Rose,gregory84@dennis.org,2101118908,2020-09-22,Free
860,Stacey Alexander,walkerbrandi@miller-hardy.com,001-748-796-9150x242,2021-07-14,Bronze
861,Eric Myers,sarahjones@hotmail.com,(576)736-8480,2020-10-26,Bronze
862,Robin Rodriguez,madelinebarnes@simpson.com,651-390-6212,2022-03-24,Free
863,Elizabeth Wilson,christinerivera@garcia-harrison.com,(281)745-5970x927,2021-04-14,Bronze
864,Cynthia Romero,andrew46@gmail.com,275.622.2555x0252,2021-08-27,Platinum
865,Kimberly Harris,rowlandalyssa@smith-young.info,969-644-7177x06385,2021-01-31,Gold
866,Kristen Davis,nwarner@gmail.com,+1-597-252-6938x1776,2020-09-19,Platinum
867,Eric Smith,bestmichelle@peters.com,(613)312-1262,2021-04-09,Bronze
868,James Hinton,mchristensen@patton.net,163.663.8235x5116,2021-03-17,Gold
869,Nicholas Stewart,palmerteresa@yahoo.com,741.096.0765x3803,2021-01-06,Platinum
870,Bobby Herring,nicholas73@gray-nelson.com,+1-812-065-3181x858,2021-08-29,Gold
871,Susan Jordan,waltondonna@lowery.com,(502)186-0986x0603,2022-03-05,None
872,Christopher Shannon,huffmanjuan@hotmail.com,725.326.8888,2020-09-30,Platinum
873,Elizabeth Scott PhD,sarahrivera@johnson.com,3322414276,2020-10-30,Bronze
874,Stephanie Gray,shannonthompson@webster.com,0433356541,2021-07-29,Platinum
875,Jennifer Jenkins,ywells@lawson.org,495-221-9131x9997,2021-02-20,Platinum
876,Alejandro Leach,nashshannon@hubbard-smith.org,257.299.6350x16202,2021-10-26,Silver
877,Jennifer Nelson,teresafoster@myers-garcia.com,(994)720-0980,2020-07-02,Free
878,Michael Wilson,noahcohen@anderson.info,(751)439-1064x8921,2022-02-16,Bronze
879,Matthew Sanders,scottrobert@hotmail.com,2599493741,2022-05-19,Silver
880,Benjamin West,laneroberto@hotmail.com,890.289.2523,2021-06-05,Silver
881,Corey Gillespie,johnsonautumn@gmail.com,(323)891-7901,2021-04-21,Free
882,Craig Jones,colemanandrew@hotmail.com,238-722-0890,2022-02-04,Gold
883,John Johnson,jennifer74@gmail.com,898.169.4155x6232,2021-12-22,Platinum
884,Amber Jones,fhess@yahoo.com,4564991153,2021-04-30,Bronze
885,Logan Hensley,trantasha@yahoo.com,913-012-8893,2020-07-16,Platinum
886,Craig Ferguson,billwilson@brooks.com,001-952-233-8012x60798,2021-03-02,Free
887,Cassidy Burns PhD,patrick30@gmail.com,240-843-3475,2022-02-18,Gold
888,Mr. Jonathan Perez MD,tsmith@hotmail.com,(458)970-0182,2020-08-22,None
889,Sarah Rogers,williamspaul@crawford-stewart.com,194-086-6974x31506,2020-07-08,Silver
890,Kelsey Young,walvarado@yahoo.com,(823)827-1868,2022-03-24,Bronze
891,Ashley Wade,ilee@olson.com,(087)662-9075,2021-08-21,Silver
892,Kerry Vang,mitchelljenna@hotmail.com,(437)458-0437x035,2021-12-13,Bronze
893,Raymond Moore,theresasantiago@waller-yates.com,(960)305-4222x8789,2020-12-31,None
894,Kristin Solomon,felicia47@hotmail.com,001-478-495-9109x555,2020-11-07,Gold
895,Phillip Thornton,bgonzalez@yahoo.com,(697)381-0810x3194,2020-06-22,Silver
896,Cynthia Dodson,dakotacohen@yahoo.com,062.511.0211,2021-03-11,Bronze
897,John Neal,josephbrittney@scott.org,(810)852-9081,2020-07-10,Gold
898,Jacob Powers,vgarcia@yahoo.com,(562)484-9550x8899,2021-10-29,Free
899,Thomas Keller,bwilliams@anderson-thompson.biz,+1-158-537-2520x200,2021-05-11,Free
900,Danielle Case,dustin27@floyd-smith.com,001-873-054-2717,2021-04-22,None
901,Charles Cunningham,walkerjessica@myers.biz,286-030-4289,2022-01-14,Platinum
902,Joseph Mccoy,isaacdavis@gmail.com,970-558-2630x887,2020-09-18,Gold
903,David Barry,lnelson@murphy.biz,+1-377-872-8415x3155,2020-11-24,Gold
904,Brian Cook,katherine86@yahoo.com,100.286.1345,2022-04-11,Platinum
905,Dr. Brian Whitehead,lmiller@yahoo.com,250-774-8638x232,2021-12-11,None
906,Michael Austin,alannewman@yahoo.com,118.896.8592x05887,2020-10-19,Free
907,Erica Jacobs,moralesjason@baker.org,109.404.9652x732,2020-10-11,Platinum
908,Sharon Baker,rebeccamedina@gmail.com,008.524.9355x288,2022-04-24,Bronze
909,George Smith,huntergary@hotmail.com,518-469-1137x50485,2021-07-25,Free
910,Kelly Nichols,zking@francis.net,195-497-7725x008,2021-11-02,Gold
911,Tony Cooper,seth41@lyons.info,001-891-697-4225,2020-07-13,Gold
912,Jennifer Flynn,garzatroy@cook.com,578.462.6458x20932,2022-01-17,Silver
913,Brandon Norris,benjaminsilva@becker.com,682.818.4497,2020-09-15,Free
914,Vanessa Crawford,kdavis@hotmail.com,(959)167-6935,2020-10-14,Free
915,Megan Harrison,frazierdawn@gmail.com,(437)503-8204x1718,2021-01-16,Silver
916,Joseph Jones,lindamcfarland@adams.com,217.770.4312x9496,2022-04-30,Gold
917,Christopher Webster,dbentley@gmail.com,+1-609-417-2087,2021-03-22,Bronze
918,Robert Bates,jessicadelgado@gmail.com,(346)280-4630x848,2020-08-04,Free
919,Christopher Casey,laura11@gmail.com,+1-917-784-7901x013,2021-08-29,Bronze
920,Gina Smith,thomas82@gmail.com,318.055.7915,2020-08-01,None
921,Jennifer Williams,james88@yahoo.com,(016)649-6593x04895,2020-11-10,Platinum
922,Adam Young,katherine16@barber-fernandez.com,001-324-954-7455x028,2022-05-07,Free
923,Carolyn Cook,jacob14@mann.com,(626)822-0902,2020-11-17,Bronze
924,Thomas Allen,freemanjessica@beck-phillips.com,971.212.9651x79257,2020-06-18,Platinum
925,Candice Rivera,alexandria01@boyd.com,(128)827-1111x0002,2021-05-09,Free
926,Audrey Coleman,barrynatalie@morrow.org,+1-915-111-6306,2020-07-15,Silver
927,Adam Harris,jennifer05@hotmail.com,492.689.8037,2020-10-25,Free
928,Heather Wilson,colejulie@winters.org,732.459.3430x786,2021-12-15,Free
929,Richard Wilson,umclean@gmail.com,(263)902-8083,2021-08-17,Platinum
930,Elizabeth Weber,samuelcoleman@gmail.com,(206)003-3149x07942,2020-11-07,Free
931,Jenny Garrison,millerlaura@castro-james.com,001-775-120-8297x9704,2022-02-17,Gold
932,Christopher Forbes,patriciagriffith@hotmail.com,272-121-0892x4930,2021-03-24,Free
933,Stacy Williams,jmiller@baker-vazquez.com,(731)129-7007,2020-10-08,Platinum
934,Rhonda Mason,tami92@bauer.com,130-471-4866x706,2021-10-08,Gold
935,Maureen Garcia,jennifer03@gmail.com,093-151-2518x5840,2022-02-10,Gold
936,Leslie Moreno,smithtina@yahoo.com,(649)048-9448x9377,2022-01-13,Silver
937,Sarah Gutierrez DVM,mayandrew@hotmail.com,+1-294-115-9916x691,2021-11-07,Bronze
938,Tammy Bishop MD,carterbobby@parsons.biz,425-885-8847x86588,2021-07-20,Free
939,Jennifer Adams MD,timothyperkins@knox-leonard.biz,(614)396-7824,2020-06-02,None
940,Kimberly Monroe,brian91@gmail.com,105.349.5091,2021-09-10,Gold
941,Taylor Carter,jennifer52@gmail.com,7285365344,2021-07-07,None
942,Laura Rogers,markgriffin@craig.org,079.982.7751,2021-09-13,Free
943,Michael Fletcher,saranguyen@santos-garcia.com,+1-443-624-1639x7561,2022-05-03,Platinum
944,Keith Harmon,fsosa@yahoo.com,+1-819-750-3561x968,2021-03-27,Bronze
945,Mary Perez,hannahblanchard@bell.com,447-360-0091,2020-06-05,None
946,Veronica Weber,kmarsh@yahoo.com,(294)957-9075,2020-12-13,Free
947,Desiree Smith DVM,isaac85@ross.org,+1-819-523-8336x617,2021-07-18,Silver
948,Gregory Love,phillip49@gmail.com,012.533.3469,2021-06-16,Gold
949,Janet Huffman,bsanchez@gmail.com,001-572-902-9704x24026,2021-03-26,None
950,Jonathan Franklin,todd97@anderson-miller.org,733.705.4113x28707,2021-10-16,Gold
951,Ann Taylor,aavila@aguilar-macdonald.com,701-577-6792,2021-11-03,Free
952,Ashley Kaiser,barrerabetty@hotmail.com,(383)786-2860,2021-11-25,Free
953,Daniel Johnson,qunderwood@rush.com,001-310-018-5117x79084,2021-04-18,Bronze
954,Ronald Thornton,carloshernandez@hotmail.com,001-894-448-5206,2020-08-27,Gold
955,Larry Perkins,jonhensley@gmail.com,316-368-7827x01327,2022-04-23,Bronze
956,Debbie Ellis,ofields@foley-howard.com,8582591987,2020-12-08,Free
957,Victoria Bryant,delgadoanna@smith-gilbert.com,001-932-623-5897,2021-09-11,Platinum
958,Lucas Williams,kevin89@acevedo-graves.info,(846)252-4890x310,2020-07-21,Bronze
959,Carol Ward,nathanwarren@hotmail.com,+1-081-209-5933x5722,2021-02-03,Bronze
960,Paul Erickson,richard63@gmail.com,443-705-3454x6117,2021-02-07,Silver
961,Jason Collins,terrybarbara@yahoo.com,1002404092,2021-06-28,Bronze
962,Harold Bailey,robin47@gmail.com,001-936-302-7038x953,2020-06-27,Gold
963,Bryan Rosales,mbryant@gmail.com,+1-549-317-1658x6332,2022-01-05,Bronze
964,John Leon,phughes@yahoo.com,009.808.3649x42270,2021-11-05,Platinum
965,Kristen Sosa,thomas43@yahoo.com,+1-625-431-8317x3214,2022-04-03,Free
966,Brent Lewis,oroth@payne-lin.org,001-321-359-4978,2020-10-22,Free
967,Jenna Morton,lescobar@huff.net,153-642-8842,2020-10-16,Gold
968,Valerie Mitchell,andrewscott@yahoo.com,6254094332,2021-08-23,Platinum
969,Terri Lara,billy17@wagner.info,(382)273-6915,2020-10-21,Bronze
970,Michelle Petersen,walshpeter@hotmail.com,690-212-2905,2021-01-11,None
971,Allison Wilson,ericpatton@gmail.com,455.614.5924,2020-06-17,Platinum
972,Lisa Pacheco,steven06@porter.org,001-606-199-7512x7163,2021-08-26,Silver
973,Jill Bennett,andrewbrandt@gmail.com,722.070.4340,2021-04-07,Gold
974,Tina Thomas,jason35@yahoo.com,291-487-0900x841,2021-01-28,Free
975,Mason Jordan,xhernandez@hotmail.com,797.420.9168x88605,2020-12-11,Gold
976,Sherry Jacobs,anita13@rios-white.com,(281)975-4120x869,2021-08-14,Bronze
977,Kim Barnes,shannon68@anderson-lloyd.com,(234)638-4303x9002,2022-03-12,Platinum
978,Caleb Clay,jennifer40@hotmail.com,+1-342-406-0614x0852,2022-02-04,Platinum
979,Jake Lopez,tmeyers@rowland.com,001-341-194-2547x1136,2021-04-10,Bronze
980,Jacob Mejia,zsilva@reed.biz,(792)652-5644x40634,2020-06-19,Gold
981,Gregory Jones,mgreen@yahoo.com,(305)619-5468x810,2021-12-04,None
982,Ashley Cuevas,tristan36@hotmail.com,678-221-5758x9908,2022-02-03,Gold
983,Darin Sanders,tyler89@lewis-conner.com,403.194.0530x249,2021-05-13,Bronze
984,Zachary Rosario,dmurray@gmail.com,1734323885,2021-04-13,Silver
985,Timothy Harris,ameyer@murphy-maldonado.com,+1-191-315-2079x97163,2021-09-09,None
986,Laurie Farmer,adambentley@davis-nunez.com,2017788117,2022-02-19,Silver
987,Randall Harris,swilliamson@yahoo.com,+1-922-622-5351x5910,2021-06-30,Free
988,Nicole Roberts,austinclark@palmer.com,647-064-3792,2021-04-06,Free
989,Margaret Johnson,victoria30@hotmail.com,263-099-8102,2021-07-04,Gold
990,Cody Schaefer,moorethomas@rosales.com,001-858-042-2013x5762,2021-11-12,Silver
991,Alexa Cooper,zacharylang@hotmail.com,+1-041-954-8471x40093,2022-03-04,Gold
992,Desiree Swanson,jeremy70@hotmail.com,001-172-698-4480x154,2022-04-21,None
993,Michael Miller,averyamy@hernandez-chang.com,(166)842-8557x34147,2022-02-09,Gold
994,Brittany Mccarthy DDS,qmendez@williams.org,(144)565-2218x8912,2022-03-29,Gold
995,Kimberly Kirby,gina32@williams.com,710.496.4194x3408,2021-11-17,Gold
996,Jesse Grant MD,jacksonjessica@yahoo.com,049.497.7827x11162,2021-05-24,None
997,Mrs. Katherine Mitchell MD,marilyn68@sullivan.net,001-329-701-5094,2021-09-16,Bronze
998,Beverly Walter,zlopez@burns-bright.com,(263)085-8962,2020-07-12,None
999,Julia Hart,natashabrown@hotmail.com,(881)120-3291,2020-12-21,Free
1000,Mark Gaines V,hcole@brooks-ellison.net,(119)832-7092x225,2022-01-08,Bronze
